week_number,week_ending,store_id,store_name,sku_id,sku_name,size,units_sold
"1","2026-02-24","indiranagar","Indiranagar","madagascar","Madagascar","UK6","1"
"1","2026-02-24","indiranagar","Indiranagar","madagascar","Madagascar","UK7","1"
"1","2026-02-24","indiranagar","Indiranagar","madagascar","Madagascar","UK8","1"
"1","2026-02-24","indiranagar","Indiranagar","madagascar","Madagascar","UK9","1"
"1","2026-02-24","indiranagar","Indiranagar","madagascar","Madagascar","UK10","0"
"1","2026-02-24","indiranagar","Indiranagar","madagascar","Madagascar","UK11","0"
"1","2026-02-24","indiranagar","Indiranagar","mango-chilli","Mango Chilli","UK6","0"
"1","2026-02-24","indiranagar","Indiranagar","mango-chilli","Mango Chilli","UK7","1"
"1","2026-02-24","indiranagar","Indiranagar","mango-chilli","Mango Chilli","UK8","2"
"1","2026-02-24","indiranagar","Indiranagar","mango-chilli","Mango Chilli","UK9","1"
"1","2026-02-24","indiranagar","Indiranagar","mango-chilli","Mango Chilli","UK10","1"
"1","2026-02-24","indiranagar","Indiranagar","mango-chilli","Mango Chilli","UK11","0"
"1","2026-02-24","indiranagar","Indiranagar","chestnut","Chestnut","UK6","1"
"1","2026-02-24","indiranagar","Indiranagar","chestnut","Chestnut","UK7","0"
"1","2026-02-24","indiranagar","Indiranagar","chestnut","Chestnut","UK8","1"
"1","2026-02-24","indiranagar","Indiranagar","chestnut","Chestnut","UK9","1"
"1","2026-02-24","indiranagar","Indiranagar","chestnut","Chestnut","UK10","1"
"1","2026-02-24","indiranagar","Indiranagar","chestnut","Chestnut","UK11","0"
"1","2026-02-24","indiranagar","Indiranagar","neptune","Neptune","UK6","0"
"1","2026-02-24","indiranagar","Indiranagar","neptune","Neptune","UK7","1"
"1","2026-02-24","indiranagar","Indiranagar","neptune","Neptune","UK8","2"
"1","2026-02-24","indiranagar","Indiranagar","neptune","Neptune","UK9","2"
"1","2026-02-24","indiranagar","Indiranagar","neptune","Neptune","UK10","1"
"1","2026-02-24","indiranagar","Indiranagar","neptune","Neptune","UK11","1"
"1","2026-02-24","indiranagar","Indiranagar","saffron","Saffron","UK6","1"
"1","2026-02-24","indiranagar","Indiranagar","saffron","Saffron","UK7","1"
"1","2026-02-24","indiranagar","Indiranagar","saffron","Saffron","UK8","0"
"1","2026-02-24","indiranagar","Indiranagar","saffron","Saffron","UK9","0"
"1","2026-02-24","indiranagar","Indiranagar","saffron","Saffron","UK10","0"
"1","2026-02-24","indiranagar","Indiranagar","saffron","Saffron","UK11","0"
"1","2026-02-24","vasant-vihar","Vasant Vihar","madagascar","Madagascar","UK6","0"
"1","2026-02-24","vasant-vihar","Vasant Vihar","madagascar","Madagascar","UK7","0"
"1","2026-02-24","vasant-vihar","Vasant Vihar","madagascar","Madagascar","UK8","1"
"1","2026-02-24","vasant-vihar","Vasant Vihar","madagascar","Madagascar","UK9","1"
"1","2026-02-24","vasant-vihar","Vasant Vihar","madagascar","Madagascar","UK10","0"
"1","2026-02-24","vasant-vihar","Vasant Vihar","madagascar","Madagascar","UK11","0"
"1","2026-02-24","vasant-vihar","Vasant Vihar","mango-chilli","Mango Chilli","UK6","1"
"1","2026-02-24","vasant-vihar","Vasant Vihar","mango-chilli","Mango Chilli","UK7","1"
"1","2026-02-24","vasant-vihar","Vasant Vihar","mango-chilli","Mango Chilli","UK8","1"
"1","2026-02-24","vasant-vihar","Vasant Vihar","mango-chilli","Mango Chilli","UK9","1"
"1","2026-02-24","vasant-vihar","Vasant Vihar","mango-chilli","Mango Chilli","UK10","1"
"1","2026-02-24","vasant-vihar","Vasant Vihar","mango-chilli","Mango Chilli","UK11","0"
"1","2026-02-24","vasant-vihar","Vasant Vihar","chestnut","Chestnut","UK6","1"
"1","2026-02-24","vasant-vihar","Vasant Vihar","chestnut","Chestnut","UK7","1"
"1","2026-02-24","vasant-vihar","Vasant Vihar","chestnut","Chestnut","UK8","1"
"1","2026-02-24","vasant-vihar","Vasant Vihar","chestnut","Chestnut","UK9","1"
"1","2026-02-24","vasant-vihar","Vasant Vihar","chestnut","Chestnut","UK10","1"
"1","2026-02-24","vasant-vihar","Vasant Vihar","chestnut","Chestnut","UK11","0"
"1","2026-02-24","vasant-vihar","Vasant Vihar","neptune","Neptune","UK6","1"
"1","2026-02-24","vasant-vihar","Vasant Vihar","neptune","Neptune","UK7","1"
"1","2026-02-24","vasant-vihar","Vasant Vihar","neptune","Neptune","UK8","1"
"1","2026-02-24","vasant-vihar","Vasant Vihar","neptune","Neptune","UK9","1"
"1","2026-02-24","vasant-vihar","Vasant Vihar","neptune","Neptune","UK10","1"
"1","2026-02-24","vasant-vihar","Vasant Vihar","neptune","Neptune","UK11","1"
"1","2026-02-24","vasant-vihar","Vasant Vihar","saffron","Saffron","UK6","0"
"1","2026-02-24","vasant-vihar","Vasant Vihar","saffron","Saffron","UK7","0"
"1","2026-02-24","vasant-vihar","Vasant Vihar","saffron","Saffron","UK8","0"
"1","2026-02-24","vasant-vihar","Vasant Vihar","saffron","Saffron","UK9","0"
"1","2026-02-24","vasant-vihar","Vasant Vihar","saffron","Saffron","UK10","0"
"1","2026-02-24","vasant-vihar","Vasant Vihar","saffron","Saffron","UK11","0"
"1","2026-02-24","navrangpura","Navrangpura","madagascar","Madagascar","UK6","0"
"1","2026-02-24","navrangpura","Navrangpura","madagascar","Madagascar","UK7","1"
"1","2026-02-24","navrangpura","Navrangpura","madagascar","Madagascar","UK8","0"
"1","2026-02-24","navrangpura","Navrangpura","madagascar","Madagascar","UK9","1"
"1","2026-02-24","navrangpura","Navrangpura","madagascar","Madagascar","UK10","0"
"1","2026-02-24","navrangpura","Navrangpura","madagascar","Madagascar","UK11","0"
"1","2026-02-24","navrangpura","Navrangpura","mango-chilli","Mango Chilli","UK6","0"
"1","2026-02-24","navrangpura","Navrangpura","mango-chilli","Mango Chilli","UK7","0"
"1","2026-02-24","navrangpura","Navrangpura","mango-chilli","Mango Chilli","UK8","1"
"1","2026-02-24","navrangpura","Navrangpura","mango-chilli","Mango Chilli","UK9","1"
"1","2026-02-24","navrangpura","Navrangpura","mango-chilli","Mango Chilli","UK10","0"
"1","2026-02-24","navrangpura","Navrangpura","mango-chilli","Mango Chilli","UK11","0"
"1","2026-02-24","navrangpura","Navrangpura","chestnut","Chestnut","UK6","1"
"1","2026-02-24","navrangpura","Navrangpura","chestnut","Chestnut","UK7","1"
"1","2026-02-24","navrangpura","Navrangpura","chestnut","Chestnut","UK8","1"
"1","2026-02-24","navrangpura","Navrangpura","chestnut","Chestnut","UK9","1"
"1","2026-02-24","navrangpura","Navrangpura","chestnut","Chestnut","UK10","0"
"1","2026-02-24","navrangpura","Navrangpura","chestnut","Chestnut","UK11","0"
"1","2026-02-24","navrangpura","Navrangpura","neptune","Neptune","UK6","0"
"1","2026-02-24","navrangpura","Navrangpura","neptune","Neptune","UK7","0"
"1","2026-02-24","navrangpura","Navrangpura","neptune","Neptune","UK8","1"
"1","2026-02-24","navrangpura","Navrangpura","neptune","Neptune","UK9","1"
"1","2026-02-24","navrangpura","Navrangpura","neptune","Neptune","UK10","1"
"1","2026-02-24","navrangpura","Navrangpura","neptune","Neptune","UK11","0"
"1","2026-02-24","navrangpura","Navrangpura","saffron","Saffron","UK6","0"
"1","2026-02-24","navrangpura","Navrangpura","saffron","Saffron","UK7","0"
"1","2026-02-24","navrangpura","Navrangpura","saffron","Saffron","UK8","0"
"1","2026-02-24","navrangpura","Navrangpura","saffron","Saffron","UK9","0"
"1","2026-02-24","navrangpura","Navrangpura","saffron","Saffron","UK10","0"
"1","2026-02-24","navrangpura","Navrangpura","saffron","Saffron","UK11","0"
"1","2026-02-24","lakeshore","Lakeshore Mall","madagascar","Madagascar","UK6","0"
"1","2026-02-24","lakeshore","Lakeshore Mall","madagascar","Madagascar","UK7","1"
"1","2026-02-24","lakeshore","Lakeshore Mall","madagascar","Madagascar","UK8","1"
"1","2026-02-24","lakeshore","Lakeshore Mall","madagascar","Madagascar","UK9","0"
"1","2026-02-24","lakeshore","Lakeshore Mall","madagascar","Madagascar","UK10","0"
"1","2026-02-24","lakeshore","Lakeshore Mall","madagascar","Madagascar","UK11","0"
"1","2026-02-24","lakeshore","Lakeshore Mall","mango-chilli","Mango Chilli","UK6","0"
"1","2026-02-24","lakeshore","Lakeshore Mall","mango-chilli","Mango Chilli","UK7","0"
"1","2026-02-24","lakeshore","Lakeshore Mall","mango-chilli","Mango Chilli","UK8","1"
"1","2026-02-24","lakeshore","Lakeshore Mall","mango-chilli","Mango Chilli","UK9","1"
"1","2026-02-24","lakeshore","Lakeshore Mall","mango-chilli","Mango Chilli","UK10","0"
"1","2026-02-24","lakeshore","Lakeshore Mall","mango-chilli","Mango Chilli","UK11","1"
"1","2026-02-24","lakeshore","Lakeshore Mall","chestnut","Chestnut","UK6","0"
"1","2026-02-24","lakeshore","Lakeshore Mall","chestnut","Chestnut","UK7","0"
"1","2026-02-24","lakeshore","Lakeshore Mall","chestnut","Chestnut","UK8","1"
"1","2026-02-24","lakeshore","Lakeshore Mall","chestnut","Chestnut","UK9","1"
"1","2026-02-24","lakeshore","Lakeshore Mall","chestnut","Chestnut","UK10","0"
"1","2026-02-24","lakeshore","Lakeshore Mall","chestnut","Chestnut","UK11","0"
"1","2026-02-24","lakeshore","Lakeshore Mall","neptune","Neptune","UK6","1"
"1","2026-02-24","lakeshore","Lakeshore Mall","neptune","Neptune","UK7","1"
"1","2026-02-24","lakeshore","Lakeshore Mall","neptune","Neptune","UK8","1"
"1","2026-02-24","lakeshore","Lakeshore Mall","neptune","Neptune","UK9","1"
"1","2026-02-24","lakeshore","Lakeshore Mall","neptune","Neptune","UK10","1"
"1","2026-02-24","lakeshore","Lakeshore Mall","neptune","Neptune","UK11","0"
"1","2026-02-24","lakeshore","Lakeshore Mall","saffron","Saffron","UK6","0"
"1","2026-02-24","lakeshore","Lakeshore Mall","saffron","Saffron","UK7","0"
"1","2026-02-24","lakeshore","Lakeshore Mall","saffron","Saffron","UK8","0"
"1","2026-02-24","lakeshore","Lakeshore Mall","saffron","Saffron","UK9","0"
"1","2026-02-24","lakeshore","Lakeshore Mall","saffron","Saffron","UK10","0"
"1","2026-02-24","lakeshore","Lakeshore Mall","saffron","Saffron","UK11","0"
"1","2026-02-24","sarath-city","Sarath City","madagascar","Madagascar","UK6","0"
"1","2026-02-24","sarath-city","Sarath City","madagascar","Madagascar","UK7","0"
"1","2026-02-24","sarath-city","Sarath City","madagascar","Madagascar","UK8","0"
"1","2026-02-24","sarath-city","Sarath City","madagascar","Madagascar","UK9","1"
"1","2026-02-24","sarath-city","Sarath City","madagascar","Madagascar","UK10","0"
"1","2026-02-24","sarath-city","Sarath City","madagascar","Madagascar","UK11","0"
"1","2026-02-24","sarath-city","Sarath City","mango-chilli","Mango Chilli","UK6","0"
"1","2026-02-24","sarath-city","Sarath City","mango-chilli","Mango Chilli","UK7","1"
"1","2026-02-24","sarath-city","Sarath City","mango-chilli","Mango Chilli","UK8","2"
"1","2026-02-24","sarath-city","Sarath City","mango-chilli","Mango Chilli","UK9","1"
"1","2026-02-24","sarath-city","Sarath City","mango-chilli","Mango Chilli","UK10","1"
"1","2026-02-24","sarath-city","Sarath City","mango-chilli","Mango Chilli","UK11","0"
"1","2026-02-24","sarath-city","Sarath City","chestnut","Chestnut","UK6","0"
"1","2026-02-24","sarath-city","Sarath City","chestnut","Chestnut","UK7","0"
"1","2026-02-24","sarath-city","Sarath City","chestnut","Chestnut","UK8","1"
"1","2026-02-24","sarath-city","Sarath City","chestnut","Chestnut","UK9","1"
"1","2026-02-24","sarath-city","Sarath City","chestnut","Chestnut","UK10","0"
"1","2026-02-24","sarath-city","Sarath City","chestnut","Chestnut","UK11","0"
"1","2026-02-24","sarath-city","Sarath City","neptune","Neptune","UK6","1"
"1","2026-02-24","sarath-city","Sarath City","neptune","Neptune","UK7","1"
"1","2026-02-24","sarath-city","Sarath City","neptune","Neptune","UK8","1"
"1","2026-02-24","sarath-city","Sarath City","neptune","Neptune","UK9","1"
"1","2026-02-24","sarath-city","Sarath City","neptune","Neptune","UK10","1"
"1","2026-02-24","sarath-city","Sarath City","neptune","Neptune","UK11","1"
"1","2026-02-24","sarath-city","Sarath City","saffron","Saffron","UK6","0"
"1","2026-02-24","sarath-city","Sarath City","saffron","Saffron","UK7","0"
"1","2026-02-24","sarath-city","Sarath City","saffron","Saffron","UK8","0"
"1","2026-02-24","sarath-city","Sarath City","saffron","Saffron","UK9","0"
"1","2026-02-24","sarath-city","Sarath City","saffron","Saffron","UK10","0"
"1","2026-02-24","sarath-city","Sarath City","saffron","Saffron","UK11","0"
"2","2026-03-03","indiranagar","Indiranagar","madagascar","Madagascar","UK6","1"
"2","2026-03-03","indiranagar","Indiranagar","madagascar","Madagascar","UK7","1"
"2","2026-03-03","indiranagar","Indiranagar","madagascar","Madagascar","UK8","1"
"2","2026-03-03","indiranagar","Indiranagar","madagascar","Madagascar","UK9","1"
"2","2026-03-03","indiranagar","Indiranagar","madagascar","Madagascar","UK10","1"
"2","2026-03-03","indiranagar","Indiranagar","madagascar","Madagascar","UK11","0"
"2","2026-03-03","indiranagar","Indiranagar","mango-chilli","Mango Chilli","UK6","0"
"2","2026-03-03","indiranagar","Indiranagar","mango-chilli","Mango Chilli","UK7","1"
"2","2026-03-03","indiranagar","Indiranagar","mango-chilli","Mango Chilli","UK8","1"
"2","2026-03-03","indiranagar","Indiranagar","mango-chilli","Mango Chilli","UK9","1"
"2","2026-03-03","indiranagar","Indiranagar","mango-chilli","Mango Chilli","UK10","1"
"2","2026-03-03","indiranagar","Indiranagar","mango-chilli","Mango Chilli","UK11","1"
"2","2026-03-03","indiranagar","Indiranagar","chestnut","Chestnut","UK6","0"
"2","2026-03-03","indiranagar","Indiranagar","chestnut","Chestnut","UK7","1"
"2","2026-03-03","indiranagar","Indiranagar","chestnut","Chestnut","UK8","2"
"2","2026-03-03","indiranagar","Indiranagar","chestnut","Chestnut","UK9","1"
"2","2026-03-03","indiranagar","Indiranagar","chestnut","Chestnut","UK10","1"
"2","2026-03-03","indiranagar","Indiranagar","chestnut","Chestnut","UK11","1"
"2","2026-03-03","indiranagar","Indiranagar","neptune","Neptune","UK6","1"
"2","2026-03-03","indiranagar","Indiranagar","neptune","Neptune","UK7","1"
"2","2026-03-03","indiranagar","Indiranagar","neptune","Neptune","UK8","1"
"2","2026-03-03","indiranagar","Indiranagar","neptune","Neptune","UK9","1"
"2","2026-03-03","indiranagar","Indiranagar","neptune","Neptune","UK10","1"
"2","2026-03-03","indiranagar","Indiranagar","neptune","Neptune","UK11","0"
"2","2026-03-03","indiranagar","Indiranagar","saffron","Saffron","UK6","0"
"2","2026-03-03","indiranagar","Indiranagar","saffron","Saffron","UK7","0"
"2","2026-03-03","indiranagar","Indiranagar","saffron","Saffron","UK8","0"
"2","2026-03-03","indiranagar","Indiranagar","saffron","Saffron","UK9","0"
"2","2026-03-03","indiranagar","Indiranagar","saffron","Saffron","UK10","0"
"2","2026-03-03","indiranagar","Indiranagar","saffron","Saffron","UK11","0"
"2","2026-03-03","vasant-vihar","Vasant Vihar","madagascar","Madagascar","UK6","0"
"2","2026-03-03","vasant-vihar","Vasant Vihar","madagascar","Madagascar","UK7","1"
"2","2026-03-03","vasant-vihar","Vasant Vihar","madagascar","Madagascar","UK8","1"
"2","2026-03-03","vasant-vihar","Vasant Vihar","madagascar","Madagascar","UK9","1"
"2","2026-03-03","vasant-vihar","Vasant Vihar","madagascar","Madagascar","UK10","1"
"2","2026-03-03","vasant-vihar","Vasant Vihar","madagascar","Madagascar","UK11","0"
"2","2026-03-03","vasant-vihar","Vasant Vihar","mango-chilli","Mango Chilli","UK6","0"
"2","2026-03-03","vasant-vihar","Vasant Vihar","mango-chilli","Mango Chilli","UK7","1"
"2","2026-03-03","vasant-vihar","Vasant Vihar","mango-chilli","Mango Chilli","UK8","1"
"2","2026-03-03","vasant-vihar","Vasant Vihar","mango-chilli","Mango Chilli","UK9","1"
"2","2026-03-03","vasant-vihar","Vasant Vihar","mango-chilli","Mango Chilli","UK10","1"
"2","2026-03-03","vasant-vihar","Vasant Vihar","mango-chilli","Mango Chilli","UK11","1"
"2","2026-03-03","vasant-vihar","Vasant Vihar","chestnut","Chestnut","UK6","1"
"2","2026-03-03","vasant-vihar","Vasant Vihar","chestnut","Chestnut","UK7","1"
"2","2026-03-03","vasant-vihar","Vasant Vihar","chestnut","Chestnut","UK8","2"
"2","2026-03-03","vasant-vihar","Vasant Vihar","chestnut","Chestnut","UK9","1"
"2","2026-03-03","vasant-vihar","Vasant Vihar","chestnut","Chestnut","UK10","1"
"2","2026-03-03","vasant-vihar","Vasant Vihar","chestnut","Chestnut","UK11","1"
"2","2026-03-03","vasant-vihar","Vasant Vihar","neptune","Neptune","UK6","0"
"2","2026-03-03","vasant-vihar","Vasant Vihar","neptune","Neptune","UK7","1"
"2","2026-03-03","vasant-vihar","Vasant Vihar","neptune","Neptune","UK8","1"
"2","2026-03-03","vasant-vihar","Vasant Vihar","neptune","Neptune","UK9","1"
"2","2026-03-03","vasant-vihar","Vasant Vihar","neptune","Neptune","UK10","1"
"2","2026-03-03","vasant-vihar","Vasant Vihar","neptune","Neptune","UK11","0"
"2","2026-03-03","vasant-vihar","Vasant Vihar","saffron","Saffron","UK6","0"
"2","2026-03-03","vasant-vihar","Vasant Vihar","saffron","Saffron","UK7","0"
"2","2026-03-03","vasant-vihar","Vasant Vihar","saffron","Saffron","UK8","0"
"2","2026-03-03","vasant-vihar","Vasant Vihar","saffron","Saffron","UK9","0"
"2","2026-03-03","vasant-vihar","Vasant Vihar","saffron","Saffron","UK10","0"
"2","2026-03-03","vasant-vihar","Vasant Vihar","saffron","Saffron","UK11","0"
"2","2026-03-03","navrangpura","Navrangpura","madagascar","Madagascar","UK6","0"
"2","2026-03-03","navrangpura","Navrangpura","madagascar","Madagascar","UK7","0"
"2","2026-03-03","navrangpura","Navrangpura","madagascar","Madagascar","UK8","1"
"2","2026-03-03","navrangpura","Navrangpura","madagascar","Madagascar","UK9","1"
"2","2026-03-03","navrangpura","Navrangpura","madagascar","Madagascar","UK10","0"
"2","2026-03-03","navrangpura","Navrangpura","madagascar","Madagascar","UK11","0"
"2","2026-03-03","navrangpura","Navrangpura","mango-chilli","Mango Chilli","UK6","0"
"2","2026-03-03","navrangpura","Navrangpura","mango-chilli","Mango Chilli","UK7","1"
"2","2026-03-03","navrangpura","Navrangpura","mango-chilli","Mango Chilli","UK8","1"
"2","2026-03-03","navrangpura","Navrangpura","mango-chilli","Mango Chilli","UK9","1"
"2","2026-03-03","navrangpura","Navrangpura","mango-chilli","Mango Chilli","UK10","1"
"2","2026-03-03","navrangpura","Navrangpura","mango-chilli","Mango Chilli","UK11","1"
"2","2026-03-03","navrangpura","Navrangpura","chestnut","Chestnut","UK6","0"
"2","2026-03-03","navrangpura","Navrangpura","chestnut","Chestnut","UK7","1"
"2","2026-03-03","navrangpura","Navrangpura","chestnut","Chestnut","UK8","1"
"2","2026-03-03","navrangpura","Navrangpura","chestnut","Chestnut","UK9","1"
"2","2026-03-03","navrangpura","Navrangpura","chestnut","Chestnut","UK10","1"
"2","2026-03-03","navrangpura","Navrangpura","chestnut","Chestnut","UK11","1"
"2","2026-03-03","navrangpura","Navrangpura","neptune","Neptune","UK6","0"
"2","2026-03-03","navrangpura","Navrangpura","neptune","Neptune","UK7","0"
"2","2026-03-03","navrangpura","Navrangpura","neptune","Neptune","UK8","1"
"2","2026-03-03","navrangpura","Navrangpura","neptune","Neptune","UK9","1"
"2","2026-03-03","navrangpura","Navrangpura","neptune","Neptune","UK10","1"
"2","2026-03-03","navrangpura","Navrangpura","neptune","Neptune","UK11","1"
"2","2026-03-03","navrangpura","Navrangpura","saffron","Saffron","UK6","0"
"2","2026-03-03","navrangpura","Navrangpura","saffron","Saffron","UK7","0"
"2","2026-03-03","navrangpura","Navrangpura","saffron","Saffron","UK8","0"
"2","2026-03-03","navrangpura","Navrangpura","saffron","Saffron","UK9","0"
"2","2026-03-03","navrangpura","Navrangpura","saffron","Saffron","UK10","0"
"2","2026-03-03","navrangpura","Navrangpura","saffron","Saffron","UK11","0"
"2","2026-03-03","lakeshore","Lakeshore Mall","madagascar","Madagascar","UK6","0"
"2","2026-03-03","lakeshore","Lakeshore Mall","madagascar","Madagascar","UK7","0"
"2","2026-03-03","lakeshore","Lakeshore Mall","madagascar","Madagascar","UK8","0"
"2","2026-03-03","lakeshore","Lakeshore Mall","madagascar","Madagascar","UK9","1"
"2","2026-03-03","lakeshore","Lakeshore Mall","madagascar","Madagascar","UK10","1"
"2","2026-03-03","lakeshore","Lakeshore Mall","madagascar","Madagascar","UK11","0"
"2","2026-03-03","lakeshore","Lakeshore Mall","mango-chilli","Mango Chilli","UK6","0"
"2","2026-03-03","lakeshore","Lakeshore Mall","mango-chilli","Mango Chilli","UK7","0"
"2","2026-03-03","lakeshore","Lakeshore Mall","mango-chilli","Mango Chilli","UK8","1"
"2","2026-03-03","lakeshore","Lakeshore Mall","mango-chilli","Mango Chilli","UK9","1"
"2","2026-03-03","lakeshore","Lakeshore Mall","mango-chilli","Mango Chilli","UK10","0"
"2","2026-03-03","lakeshore","Lakeshore Mall","mango-chilli","Mango Chilli","UK11","0"
"2","2026-03-03","lakeshore","Lakeshore Mall","chestnut","Chestnut","UK6","1"
"2","2026-03-03","lakeshore","Lakeshore Mall","chestnut","Chestnut","UK7","1"
"2","2026-03-03","lakeshore","Lakeshore Mall","chestnut","Chestnut","UK8","1"
"2","2026-03-03","lakeshore","Lakeshore Mall","chestnut","Chestnut","UK9","1"
"2","2026-03-03","lakeshore","Lakeshore Mall","chestnut","Chestnut","UK10","1"
"2","2026-03-03","lakeshore","Lakeshore Mall","chestnut","Chestnut","UK11","1"
"2","2026-03-03","lakeshore","Lakeshore Mall","neptune","Neptune","UK6","0"
"2","2026-03-03","lakeshore","Lakeshore Mall","neptune","Neptune","UK7","0"
"2","2026-03-03","lakeshore","Lakeshore Mall","neptune","Neptune","UK8","1"
"2","2026-03-03","lakeshore","Lakeshore Mall","neptune","Neptune","UK9","1"
"2","2026-03-03","lakeshore","Lakeshore Mall","neptune","Neptune","UK10","1"
"2","2026-03-03","lakeshore","Lakeshore Mall","neptune","Neptune","UK11","0"
"2","2026-03-03","lakeshore","Lakeshore Mall","saffron","Saffron","UK6","0"
"2","2026-03-03","lakeshore","Lakeshore Mall","saffron","Saffron","UK7","0"
"2","2026-03-03","lakeshore","Lakeshore Mall","saffron","Saffron","UK8","0"
"2","2026-03-03","lakeshore","Lakeshore Mall","saffron","Saffron","UK9","0"
"2","2026-03-03","lakeshore","Lakeshore Mall","saffron","Saffron","UK10","0"
"2","2026-03-03","lakeshore","Lakeshore Mall","saffron","Saffron","UK11","0"
"2","2026-03-03","sarath-city","Sarath City","madagascar","Madagascar","UK6","1"
"2","2026-03-03","sarath-city","Sarath City","madagascar","Madagascar","UK7","0"
"2","2026-03-03","sarath-city","Sarath City","madagascar","Madagascar","UK8","1"
"2","2026-03-03","sarath-city","Sarath City","madagascar","Madagascar","UK9","1"
"2","2026-03-03","sarath-city","Sarath City","madagascar","Madagascar","UK10","1"
"2","2026-03-03","sarath-city","Sarath City","madagascar","Madagascar","UK11","0"
"2","2026-03-03","sarath-city","Sarath City","mango-chilli","Mango Chilli","UK6","0"
"2","2026-03-03","sarath-city","Sarath City","mango-chilli","Mango Chilli","UK7","1"
"2","2026-03-03","sarath-city","Sarath City","mango-chilli","Mango Chilli","UK8","2"
"2","2026-03-03","sarath-city","Sarath City","mango-chilli","Mango Chilli","UK9","2"
"2","2026-03-03","sarath-city","Sarath City","mango-chilli","Mango Chilli","UK10","1"
"2","2026-03-03","sarath-city","Sarath City","mango-chilli","Mango Chilli","UK11","0"
"2","2026-03-03","sarath-city","Sarath City","chestnut","Chestnut","UK6","0"
"2","2026-03-03","sarath-city","Sarath City","chestnut","Chestnut","UK7","0"
"2","2026-03-03","sarath-city","Sarath City","chestnut","Chestnut","UK8","1"
"2","2026-03-03","sarath-city","Sarath City","chestnut","Chestnut","UK9","1"
"2","2026-03-03","sarath-city","Sarath City","chestnut","Chestnut","UK10","0"
"2","2026-03-03","sarath-city","Sarath City","chestnut","Chestnut","UK11","1"
"2","2026-03-03","sarath-city","Sarath City","neptune","Neptune","UK6","0"
"2","2026-03-03","sarath-city","Sarath City","neptune","Neptune","UK7","0"
"2","2026-03-03","sarath-city","Sarath City","neptune","Neptune","UK8","1"
"2","2026-03-03","sarath-city","Sarath City","neptune","Neptune","UK9","1"
"2","2026-03-03","sarath-city","Sarath City","neptune","Neptune","UK10","0"
"2","2026-03-03","sarath-city","Sarath City","neptune","Neptune","UK11","1"
"2","2026-03-03","sarath-city","Sarath City","saffron","Saffron","UK6","0"
"2","2026-03-03","sarath-city","Sarath City","saffron","Saffron","UK7","0"
"2","2026-03-03","sarath-city","Sarath City","saffron","Saffron","UK8","0"
"2","2026-03-03","sarath-city","Sarath City","saffron","Saffron","UK9","0"
"2","2026-03-03","sarath-city","Sarath City","saffron","Saffron","UK10","0"
"2","2026-03-03","sarath-city","Sarath City","saffron","Saffron","UK11","0"
"3","2026-03-10","indiranagar","Indiranagar","madagascar","Madagascar","UK6","1"
"3","2026-03-10","indiranagar","Indiranagar","madagascar","Madagascar","UK7","1"
"3","2026-03-10","indiranagar","Indiranagar","madagascar","Madagascar","UK8","2"
"3","2026-03-10","indiranagar","Indiranagar","madagascar","Madagascar","UK9","2"
"3","2026-03-10","indiranagar","Indiranagar","madagascar","Madagascar","UK10","1"
"3","2026-03-10","indiranagar","Indiranagar","madagascar","Madagascar","UK11","1"
"3","2026-03-10","indiranagar","Indiranagar","mango-chilli","Mango Chilli","UK6","1"
"3","2026-03-10","indiranagar","Indiranagar","mango-chilli","Mango Chilli","UK7","1"
"3","2026-03-10","indiranagar","Indiranagar","mango-chilli","Mango Chilli","UK8","1"
"3","2026-03-10","indiranagar","Indiranagar","mango-chilli","Mango Chilli","UK9","2"
"3","2026-03-10","indiranagar","Indiranagar","mango-chilli","Mango Chilli","UK10","1"
"3","2026-03-10","indiranagar","Indiranagar","mango-chilli","Mango Chilli","UK11","1"
"3","2026-03-10","indiranagar","Indiranagar","chestnut","Chestnut","UK6","0"
"3","2026-03-10","indiranagar","Indiranagar","chestnut","Chestnut","UK7","1"
"3","2026-03-10","indiranagar","Indiranagar","chestnut","Chestnut","UK8","1"
"3","2026-03-10","indiranagar","Indiranagar","chestnut","Chestnut","UK9","1"
"3","2026-03-10","indiranagar","Indiranagar","chestnut","Chestnut","UK10","1"
"3","2026-03-10","indiranagar","Indiranagar","chestnut","Chestnut","UK11","0"
"3","2026-03-10","indiranagar","Indiranagar","neptune","Neptune","UK6","0"
"3","2026-03-10","indiranagar","Indiranagar","neptune","Neptune","UK7","1"
"3","2026-03-10","indiranagar","Indiranagar","neptune","Neptune","UK8","1"
"3","2026-03-10","indiranagar","Indiranagar","neptune","Neptune","UK9","1"
"3","2026-03-10","indiranagar","Indiranagar","neptune","Neptune","UK10","1"
"3","2026-03-10","indiranagar","Indiranagar","neptune","Neptune","UK11","1"
"3","2026-03-10","indiranagar","Indiranagar","saffron","Saffron","UK6","0"
"3","2026-03-10","indiranagar","Indiranagar","saffron","Saffron","UK7","1"
"3","2026-03-10","indiranagar","Indiranagar","saffron","Saffron","UK8","0"
"3","2026-03-10","indiranagar","Indiranagar","saffron","Saffron","UK9","0"
"3","2026-03-10","indiranagar","Indiranagar","saffron","Saffron","UK10","0"
"3","2026-03-10","indiranagar","Indiranagar","saffron","Saffron","UK11","0"
"3","2026-03-10","vasant-vihar","Vasant Vihar","madagascar","Madagascar","UK6","1"
"3","2026-03-10","vasant-vihar","Vasant Vihar","madagascar","Madagascar","UK7","1"
"3","2026-03-10","vasant-vihar","Vasant Vihar","madagascar","Madagascar","UK8","1"
"3","2026-03-10","vasant-vihar","Vasant Vihar","madagascar","Madagascar","UK9","1"
"3","2026-03-10","vasant-vihar","Vasant Vihar","madagascar","Madagascar","UK10","1"
"3","2026-03-10","vasant-vihar","Vasant Vihar","madagascar","Madagascar","UK11","0"
"3","2026-03-10","vasant-vihar","Vasant Vihar","mango-chilli","Mango Chilli","UK6","1"
"3","2026-03-10","vasant-vihar","Vasant Vihar","mango-chilli","Mango Chilli","UK7","1"
"3","2026-03-10","vasant-vihar","Vasant Vihar","mango-chilli","Mango Chilli","UK8","1"
"3","2026-03-10","vasant-vihar","Vasant Vihar","mango-chilli","Mango Chilli","UK9","1"
"3","2026-03-10","vasant-vihar","Vasant Vihar","mango-chilli","Mango Chilli","UK10","1"
"3","2026-03-10","vasant-vihar","Vasant Vihar","mango-chilli","Mango Chilli","UK11","0"
"3","2026-03-10","vasant-vihar","Vasant Vihar","chestnut","Chestnut","UK6","0"
"3","2026-03-10","vasant-vihar","Vasant Vihar","chestnut","Chestnut","UK7","1"
"3","2026-03-10","vasant-vihar","Vasant Vihar","chestnut","Chestnut","UK8","1"
"3","2026-03-10","vasant-vihar","Vasant Vihar","chestnut","Chestnut","UK9","1"
"3","2026-03-10","vasant-vihar","Vasant Vihar","chestnut","Chestnut","UK10","0"
"3","2026-03-10","vasant-vihar","Vasant Vihar","chestnut","Chestnut","UK11","1"
"3","2026-03-10","vasant-vihar","Vasant Vihar","neptune","Neptune","UK6","0"
"3","2026-03-10","vasant-vihar","Vasant Vihar","neptune","Neptune","UK7","1"
"3","2026-03-10","vasant-vihar","Vasant Vihar","neptune","Neptune","UK8","1"
"3","2026-03-10","vasant-vihar","Vasant Vihar","neptune","Neptune","UK9","1"
"3","2026-03-10","vasant-vihar","Vasant Vihar","neptune","Neptune","UK10","1"
"3","2026-03-10","vasant-vihar","Vasant Vihar","neptune","Neptune","UK11","1"
"3","2026-03-10","vasant-vihar","Vasant Vihar","saffron","Saffron","UK6","0"
"3","2026-03-10","vasant-vihar","Vasant Vihar","saffron","Saffron","UK7","0"
"3","2026-03-10","vasant-vihar","Vasant Vihar","saffron","Saffron","UK8","0"
"3","2026-03-10","vasant-vihar","Vasant Vihar","saffron","Saffron","UK9","0"
"3","2026-03-10","vasant-vihar","Vasant Vihar","saffron","Saffron","UK10","0"
"3","2026-03-10","vasant-vihar","Vasant Vihar","saffron","Saffron","UK11","0"
"3","2026-03-10","navrangpura","Navrangpura","madagascar","Madagascar","UK6","0"
"3","2026-03-10","navrangpura","Navrangpura","madagascar","Madagascar","UK7","0"
"3","2026-03-10","navrangpura","Navrangpura","madagascar","Madagascar","UK8","1"
"3","2026-03-10","navrangpura","Navrangpura","madagascar","Madagascar","UK9","1"
"3","2026-03-10","navrangpura","Navrangpura","madagascar","Madagascar","UK10","1"
"3","2026-03-10","navrangpura","Navrangpura","madagascar","Madagascar","UK11","0"
"3","2026-03-10","navrangpura","Navrangpura","mango-chilli","Mango Chilli","UK6","0"
"3","2026-03-10","navrangpura","Navrangpura","mango-chilli","Mango Chilli","UK7","0"
"3","2026-03-10","navrangpura","Navrangpura","mango-chilli","Mango Chilli","UK8","1"
"3","2026-03-10","navrangpura","Navrangpura","mango-chilli","Mango Chilli","UK9","1"
"3","2026-03-10","navrangpura","Navrangpura","mango-chilli","Mango Chilli","UK10","1"
"3","2026-03-10","navrangpura","Navrangpura","mango-chilli","Mango Chilli","UK11","0"
"3","2026-03-10","navrangpura","Navrangpura","chestnut","Chestnut","UK6","1"
"3","2026-03-10","navrangpura","Navrangpura","chestnut","Chestnut","UK7","0"
"3","2026-03-10","navrangpura","Navrangpura","chestnut","Chestnut","UK8","1"
"3","2026-03-10","navrangpura","Navrangpura","chestnut","Chestnut","UK9","1"
"3","2026-03-10","navrangpura","Navrangpura","chestnut","Chestnut","UK10","1"
"3","2026-03-10","navrangpura","Navrangpura","chestnut","Chestnut","UK11","0"
"3","2026-03-10","navrangpura","Navrangpura","neptune","Neptune","UK6","1"
"3","2026-03-10","navrangpura","Navrangpura","neptune","Neptune","UK7","0"
"3","2026-03-10","navrangpura","Navrangpura","neptune","Neptune","UK8","0"
"3","2026-03-10","navrangpura","Navrangpura","neptune","Neptune","UK9","1"
"3","2026-03-10","navrangpura","Navrangpura","neptune","Neptune","UK10","0"
"3","2026-03-10","navrangpura","Navrangpura","neptune","Neptune","UK11","0"
"3","2026-03-10","navrangpura","Navrangpura","saffron","Saffron","UK6","0"
"3","2026-03-10","navrangpura","Navrangpura","saffron","Saffron","UK7","0"
"3","2026-03-10","navrangpura","Navrangpura","saffron","Saffron","UK8","0"
"3","2026-03-10","navrangpura","Navrangpura","saffron","Saffron","UK9","0"
"3","2026-03-10","navrangpura","Navrangpura","saffron","Saffron","UK10","0"
"3","2026-03-10","navrangpura","Navrangpura","saffron","Saffron","UK11","0"
"3","2026-03-10","lakeshore","Lakeshore Mall","madagascar","Madagascar","UK6","0"
"3","2026-03-10","lakeshore","Lakeshore Mall","madagascar","Madagascar","UK7","0"
"3","2026-03-10","lakeshore","Lakeshore Mall","madagascar","Madagascar","UK8","1"
"3","2026-03-10","lakeshore","Lakeshore Mall","madagascar","Madagascar","UK9","0"
"3","2026-03-10","lakeshore","Lakeshore Mall","madagascar","Madagascar","UK10","0"
"3","2026-03-10","lakeshore","Lakeshore Mall","madagascar","Madagascar","UK11","1"
"3","2026-03-10","lakeshore","Lakeshore Mall","mango-chilli","Mango Chilli","UK6","0"
"3","2026-03-10","lakeshore","Lakeshore Mall","mango-chilli","Mango Chilli","UK7","1"
"3","2026-03-10","lakeshore","Lakeshore Mall","mango-chilli","Mango Chilli","UK8","1"
"3","2026-03-10","lakeshore","Lakeshore Mall","mango-chilli","Mango Chilli","UK9","1"
"3","2026-03-10","lakeshore","Lakeshore Mall","mango-chilli","Mango Chilli","UK10","1"
"3","2026-03-10","lakeshore","Lakeshore Mall","mango-chilli","Mango Chilli","UK11","1"
"3","2026-03-10","lakeshore","Lakeshore Mall","chestnut","Chestnut","UK6","0"
"3","2026-03-10","lakeshore","Lakeshore Mall","chestnut","Chestnut","UK7","0"
"3","2026-03-10","lakeshore","Lakeshore Mall","chestnut","Chestnut","UK8","1"
"3","2026-03-10","lakeshore","Lakeshore Mall","chestnut","Chestnut","UK9","1"
"3","2026-03-10","lakeshore","Lakeshore Mall","chestnut","Chestnut","UK10","0"
"3","2026-03-10","lakeshore","Lakeshore Mall","chestnut","Chestnut","UK11","0"
"3","2026-03-10","lakeshore","Lakeshore Mall","neptune","Neptune","UK6","0"
"3","2026-03-10","lakeshore","Lakeshore Mall","neptune","Neptune","UK7","1"
"3","2026-03-10","lakeshore","Lakeshore Mall","neptune","Neptune","UK8","1"
"3","2026-03-10","lakeshore","Lakeshore Mall","neptune","Neptune","UK9","1"
"3","2026-03-10","lakeshore","Lakeshore Mall","neptune","Neptune","UK10","0"
"3","2026-03-10","lakeshore","Lakeshore Mall","neptune","Neptune","UK11","0"
"3","2026-03-10","lakeshore","Lakeshore Mall","saffron","Saffron","UK6","0"
"3","2026-03-10","lakeshore","Lakeshore Mall","saffron","Saffron","UK7","0"
"3","2026-03-10","lakeshore","Lakeshore Mall","saffron","Saffron","UK8","0"
"3","2026-03-10","lakeshore","Lakeshore Mall","saffron","Saffron","UK9","0"
"3","2026-03-10","lakeshore","Lakeshore Mall","saffron","Saffron","UK10","0"
"3","2026-03-10","lakeshore","Lakeshore Mall","saffron","Saffron","UK11","0"
"3","2026-03-10","sarath-city","Sarath City","madagascar","Madagascar","UK6","0"
"3","2026-03-10","sarath-city","Sarath City","madagascar","Madagascar","UK7","0"
"3","2026-03-10","sarath-city","Sarath City","madagascar","Madagascar","UK8","1"
"3","2026-03-10","sarath-city","Sarath City","madagascar","Madagascar","UK9","1"
"3","2026-03-10","sarath-city","Sarath City","madagascar","Madagascar","UK10","1"
"3","2026-03-10","sarath-city","Sarath City","madagascar","Madagascar","UK11","0"
"3","2026-03-10","sarath-city","Sarath City","mango-chilli","Mango Chilli","UK6","0"
"3","2026-03-10","sarath-city","Sarath City","mango-chilli","Mango Chilli","UK7","1"
"3","2026-03-10","sarath-city","Sarath City","mango-chilli","Mango Chilli","UK8","1"
"3","2026-03-10","sarath-city","Sarath City","mango-chilli","Mango Chilli","UK9","1"
"3","2026-03-10","sarath-city","Sarath City","mango-chilli","Mango Chilli","UK10","1"
"3","2026-03-10","sarath-city","Sarath City","mango-chilli","Mango Chilli","UK11","0"
"3","2026-03-10","sarath-city","Sarath City","chestnut","Chestnut","UK6","0"
"3","2026-03-10","sarath-city","Sarath City","chestnut","Chestnut","UK7","0"
"3","2026-03-10","sarath-city","Sarath City","chestnut","Chestnut","UK8","1"
"3","2026-03-10","sarath-city","Sarath City","chestnut","Chestnut","UK9","1"
"3","2026-03-10","sarath-city","Sarath City","chestnut","Chestnut","UK10","1"
"3","2026-03-10","sarath-city","Sarath City","chestnut","Chestnut","UK11","1"
"3","2026-03-10","sarath-city","Sarath City","neptune","Neptune","UK6","0"
"3","2026-03-10","sarath-city","Sarath City","neptune","Neptune","UK7","1"
"3","2026-03-10","sarath-city","Sarath City","neptune","Neptune","UK8","1"
"3","2026-03-10","sarath-city","Sarath City","neptune","Neptune","UK9","1"
"3","2026-03-10","sarath-city","Sarath City","neptune","Neptune","UK10","0"
"3","2026-03-10","sarath-city","Sarath City","neptune","Neptune","UK11","0"
"3","2026-03-10","sarath-city","Sarath City","saffron","Saffron","UK6","0"
"3","2026-03-10","sarath-city","Sarath City","saffron","Saffron","UK7","0"
"3","2026-03-10","sarath-city","Sarath City","saffron","Saffron","UK8","0"
"3","2026-03-10","sarath-city","Sarath City","saffron","Saffron","UK9","0"
"3","2026-03-10","sarath-city","Sarath City","saffron","Saffron","UK10","0"
"3","2026-03-10","sarath-city","Sarath City","saffron","Saffron","UK11","0"
"4","2026-03-17","indiranagar","Indiranagar","madagascar","Madagascar","UK6","0"
"4","2026-03-17","indiranagar","Indiranagar","madagascar","Madagascar","UK7","1"
"4","2026-03-17","indiranagar","Indiranagar","madagascar","Madagascar","UK8","2"
"4","2026-03-17","indiranagar","Indiranagar","madagascar","Madagascar","UK9","1"
"4","2026-03-17","indiranagar","Indiranagar","madagascar","Madagascar","UK10","1"
"4","2026-03-17","indiranagar","Indiranagar","madagascar","Madagascar","UK11","0"
"4","2026-03-17","indiranagar","Indiranagar","mango-chilli","Mango Chilli","UK6","0"
"4","2026-03-17","indiranagar","Indiranagar","mango-chilli","Mango Chilli","UK7","1"
"4","2026-03-17","indiranagar","Indiranagar","mango-chilli","Mango Chilli","UK8","2"
"4","2026-03-17","indiranagar","Indiranagar","mango-chilli","Mango Chilli","UK9","1"
"4","2026-03-17","indiranagar","Indiranagar","mango-chilli","Mango Chilli","UK10","1"
"4","2026-03-17","indiranagar","Indiranagar","mango-chilli","Mango Chilli","UK11","0"
"4","2026-03-17","indiranagar","Indiranagar","chestnut","Chestnut","UK6","0"
"4","2026-03-17","indiranagar","Indiranagar","chestnut","Chestnut","UK7","0"
"4","2026-03-17","indiranagar","Indiranagar","chestnut","Chestnut","UK8","1"
"4","2026-03-17","indiranagar","Indiranagar","chestnut","Chestnut","UK9","1"
"4","2026-03-17","indiranagar","Indiranagar","chestnut","Chestnut","UK10","1"
"4","2026-03-17","indiranagar","Indiranagar","chestnut","Chestnut","UK11","0"
"4","2026-03-17","indiranagar","Indiranagar","neptune","Neptune","UK6","0"
"4","2026-03-17","indiranagar","Indiranagar","neptune","Neptune","UK7","1"
"4","2026-03-17","indiranagar","Indiranagar","neptune","Neptune","UK8","2"
"4","2026-03-17","indiranagar","Indiranagar","neptune","Neptune","UK9","2"
"4","2026-03-17","indiranagar","Indiranagar","neptune","Neptune","UK10","1"
"4","2026-03-17","indiranagar","Indiranagar","neptune","Neptune","UK11","1"
"4","2026-03-17","indiranagar","Indiranagar","saffron","Saffron","UK6","0"
"4","2026-03-17","indiranagar","Indiranagar","saffron","Saffron","UK7","0"
"4","2026-03-17","indiranagar","Indiranagar","saffron","Saffron","UK8","1"
"4","2026-03-17","indiranagar","Indiranagar","saffron","Saffron","UK9","0"
"4","2026-03-17","indiranagar","Indiranagar","saffron","Saffron","UK10","0"
"4","2026-03-17","indiranagar","Indiranagar","saffron","Saffron","UK11","0"
"4","2026-03-17","vasant-vihar","Vasant Vihar","madagascar","Madagascar","UK6","0"
"4","2026-03-17","vasant-vihar","Vasant Vihar","madagascar","Madagascar","UK7","0"
"4","2026-03-17","vasant-vihar","Vasant Vihar","madagascar","Madagascar","UK8","1"
"4","2026-03-17","vasant-vihar","Vasant Vihar","madagascar","Madagascar","UK9","1"
"4","2026-03-17","vasant-vihar","Vasant Vihar","madagascar","Madagascar","UK10","0"
"4","2026-03-17","vasant-vihar","Vasant Vihar","madagascar","Madagascar","UK11","0"
"4","2026-03-17","vasant-vihar","Vasant Vihar","mango-chilli","Mango Chilli","UK6","0"
"4","2026-03-17","vasant-vihar","Vasant Vihar","mango-chilli","Mango Chilli","UK7","1"
"4","2026-03-17","vasant-vihar","Vasant Vihar","mango-chilli","Mango Chilli","UK8","1"
"4","2026-03-17","vasant-vihar","Vasant Vihar","mango-chilli","Mango Chilli","UK9","1"
"4","2026-03-17","vasant-vihar","Vasant Vihar","mango-chilli","Mango Chilli","UK10","1"
"4","2026-03-17","vasant-vihar","Vasant Vihar","mango-chilli","Mango Chilli","UK11","0"
"4","2026-03-17","vasant-vihar","Vasant Vihar","chestnut","Chestnut","UK6","0"
"4","2026-03-17","vasant-vihar","Vasant Vihar","chestnut","Chestnut","UK7","1"
"4","2026-03-17","vasant-vihar","Vasant Vihar","chestnut","Chestnut","UK8","1"
"4","2026-03-17","vasant-vihar","Vasant Vihar","chestnut","Chestnut","UK9","1"
"4","2026-03-17","vasant-vihar","Vasant Vihar","chestnut","Chestnut","UK10","1"
"4","2026-03-17","vasant-vihar","Vasant Vihar","chestnut","Chestnut","UK11","0"
"4","2026-03-17","vasant-vihar","Vasant Vihar","neptune","Neptune","UK6","1"
"4","2026-03-17","vasant-vihar","Vasant Vihar","neptune","Neptune","UK7","0"
"4","2026-03-17","vasant-vihar","Vasant Vihar","neptune","Neptune","UK8","1"
"4","2026-03-17","vasant-vihar","Vasant Vihar","neptune","Neptune","UK9","1"
"4","2026-03-17","vasant-vihar","Vasant Vihar","neptune","Neptune","UK10","1"
"4","2026-03-17","vasant-vihar","Vasant Vihar","neptune","Neptune","UK11","0"
"4","2026-03-17","vasant-vihar","Vasant Vihar","saffron","Saffron","UK6","0"
"4","2026-03-17","vasant-vihar","Vasant Vihar","saffron","Saffron","UK7","0"
"4","2026-03-17","vasant-vihar","Vasant Vihar","saffron","Saffron","UK8","0"
"4","2026-03-17","vasant-vihar","Vasant Vihar","saffron","Saffron","UK9","0"
"4","2026-03-17","vasant-vihar","Vasant Vihar","saffron","Saffron","UK10","0"
"4","2026-03-17","vasant-vihar","Vasant Vihar","saffron","Saffron","UK11","0"
"4","2026-03-17","navrangpura","Navrangpura","madagascar","Madagascar","UK6","0"
"4","2026-03-17","navrangpura","Navrangpura","madagascar","Madagascar","UK7","0"
"4","2026-03-17","navrangpura","Navrangpura","madagascar","Madagascar","UK8","1"
"4","2026-03-17","navrangpura","Navrangpura","madagascar","Madagascar","UK9","1"
"4","2026-03-17","navrangpura","Navrangpura","madagascar","Madagascar","UK10","1"
"4","2026-03-17","navrangpura","Navrangpura","madagascar","Madagascar","UK11","0"
"4","2026-03-17","navrangpura","Navrangpura","mango-chilli","Mango Chilli","UK6","0"
"4","2026-03-17","navrangpura","Navrangpura","mango-chilli","Mango Chilli","UK7","0"
"4","2026-03-17","navrangpura","Navrangpura","mango-chilli","Mango Chilli","UK8","1"
"4","2026-03-17","navrangpura","Navrangpura","mango-chilli","Mango Chilli","UK9","1"
"4","2026-03-17","navrangpura","Navrangpura","mango-chilli","Mango Chilli","UK10","0"
"4","2026-03-17","navrangpura","Navrangpura","mango-chilli","Mango Chilli","UK11","0"
"4","2026-03-17","navrangpura","Navrangpura","chestnut","Chestnut","UK6","0"
"4","2026-03-17","navrangpura","Navrangpura","chestnut","Chestnut","UK7","1"
"4","2026-03-17","navrangpura","Navrangpura","chestnut","Chestnut","UK8","1"
"4","2026-03-17","navrangpura","Navrangpura","chestnut","Chestnut","UK9","1"
"4","2026-03-17","navrangpura","Navrangpura","chestnut","Chestnut","UK10","0"
"4","2026-03-17","navrangpura","Navrangpura","chestnut","Chestnut","UK11","0"
"4","2026-03-17","navrangpura","Navrangpura","neptune","Neptune","UK6","0"
"4","2026-03-17","navrangpura","Navrangpura","neptune","Neptune","UK7","1"
"4","2026-03-17","navrangpura","Navrangpura","neptune","Neptune","UK8","0"
"4","2026-03-17","navrangpura","Navrangpura","neptune","Neptune","UK9","0"
"4","2026-03-17","navrangpura","Navrangpura","neptune","Neptune","UK10","0"
"4","2026-03-17","navrangpura","Navrangpura","neptune","Neptune","UK11","0"
"4","2026-03-17","navrangpura","Navrangpura","saffron","Saffron","UK6","0"
"4","2026-03-17","navrangpura","Navrangpura","saffron","Saffron","UK7","0"
"4","2026-03-17","navrangpura","Navrangpura","saffron","Saffron","UK8","0"
"4","2026-03-17","navrangpura","Navrangpura","saffron","Saffron","UK9","0"
"4","2026-03-17","navrangpura","Navrangpura","saffron","Saffron","UK10","0"
"4","2026-03-17","navrangpura","Navrangpura","saffron","Saffron","UK11","0"
"4","2026-03-17","lakeshore","Lakeshore Mall","madagascar","Madagascar","UK6","0"
"4","2026-03-17","lakeshore","Lakeshore Mall","madagascar","Madagascar","UK7","1"
"4","2026-03-17","lakeshore","Lakeshore Mall","madagascar","Madagascar","UK8","1"
"4","2026-03-17","lakeshore","Lakeshore Mall","madagascar","Madagascar","UK9","1"
"4","2026-03-17","lakeshore","Lakeshore Mall","madagascar","Madagascar","UK10","1"
"4","2026-03-17","lakeshore","Lakeshore Mall","madagascar","Madagascar","UK11","1"
"4","2026-03-17","lakeshore","Lakeshore Mall","mango-chilli","Mango Chilli","UK6","0"
"4","2026-03-17","lakeshore","Lakeshore Mall","mango-chilli","Mango Chilli","UK7","0"
"4","2026-03-17","lakeshore","Lakeshore Mall","mango-chilli","Mango Chilli","UK8","1"
"4","2026-03-17","lakeshore","Lakeshore Mall","mango-chilli","Mango Chilli","UK9","1"
"4","2026-03-17","lakeshore","Lakeshore Mall","mango-chilli","Mango Chilli","UK10","1"
"4","2026-03-17","lakeshore","Lakeshore Mall","mango-chilli","Mango Chilli","UK11","0"
"4","2026-03-17","lakeshore","Lakeshore Mall","chestnut","Chestnut","UK6","0"
"4","2026-03-17","lakeshore","Lakeshore Mall","chestnut","Chestnut","UK7","0"
"4","2026-03-17","lakeshore","Lakeshore Mall","chestnut","Chestnut","UK8","1"
"4","2026-03-17","lakeshore","Lakeshore Mall","chestnut","Chestnut","UK9","1"
"4","2026-03-17","lakeshore","Lakeshore Mall","chestnut","Chestnut","UK10","0"
"4","2026-03-17","lakeshore","Lakeshore Mall","chestnut","Chestnut","UK11","0"
"4","2026-03-17","lakeshore","Lakeshore Mall","neptune","Neptune","UK6","0"
"4","2026-03-17","lakeshore","Lakeshore Mall","neptune","Neptune","UK7","0"
"4","2026-03-17","lakeshore","Lakeshore Mall","neptune","Neptune","UK8","1"
"4","2026-03-17","lakeshore","Lakeshore Mall","neptune","Neptune","UK9","1"
"4","2026-03-17","lakeshore","Lakeshore Mall","neptune","Neptune","UK10","0"
"4","2026-03-17","lakeshore","Lakeshore Mall","neptune","Neptune","UK11","0"
"4","2026-03-17","lakeshore","Lakeshore Mall","saffron","Saffron","UK6","0"
"4","2026-03-17","lakeshore","Lakeshore Mall","saffron","Saffron","UK7","0"
"4","2026-03-17","lakeshore","Lakeshore Mall","saffron","Saffron","UK8","0"
"4","2026-03-17","lakeshore","Lakeshore Mall","saffron","Saffron","UK9","0"
"4","2026-03-17","lakeshore","Lakeshore Mall","saffron","Saffron","UK10","0"
"4","2026-03-17","lakeshore","Lakeshore Mall","saffron","Saffron","UK11","0"
"4","2026-03-17","sarath-city","Sarath City","madagascar","Madagascar","UK6","0"
"4","2026-03-17","sarath-city","Sarath City","madagascar","Madagascar","UK7","1"
"4","2026-03-17","sarath-city","Sarath City","madagascar","Madagascar","UK8","1"
"4","2026-03-17","sarath-city","Sarath City","madagascar","Madagascar","UK9","1"
"4","2026-03-17","sarath-city","Sarath City","madagascar","Madagascar","UK10","0"
"4","2026-03-17","sarath-city","Sarath City","madagascar","Madagascar","UK11","0"
"4","2026-03-17","sarath-city","Sarath City","mango-chilli","Mango Chilli","UK6","0"
"4","2026-03-17","sarath-city","Sarath City","mango-chilli","Mango Chilli","UK7","1"
"4","2026-03-17","sarath-city","Sarath City","mango-chilli","Mango Chilli","UK8","1"
"4","2026-03-17","sarath-city","Sarath City","mango-chilli","Mango Chilli","UK9","1"
"4","2026-03-17","sarath-city","Sarath City","mango-chilli","Mango Chilli","UK10","0"
"4","2026-03-17","sarath-city","Sarath City","mango-chilli","Mango Chilli","UK11","1"
"4","2026-03-17","sarath-city","Sarath City","chestnut","Chestnut","UK6","0"
"4","2026-03-17","sarath-city","Sarath City","chestnut","Chestnut","UK7","0"
"4","2026-03-17","sarath-city","Sarath City","chestnut","Chestnut","UK8","1"
"4","2026-03-17","sarath-city","Sarath City","chestnut","Chestnut","UK9","1"
"4","2026-03-17","sarath-city","Sarath City","chestnut","Chestnut","UK10","1"
"4","2026-03-17","sarath-city","Sarath City","chestnut","Chestnut","UK11","0"
"4","2026-03-17","sarath-city","Sarath City","neptune","Neptune","UK6","0"
"4","2026-03-17","sarath-city","Sarath City","neptune","Neptune","UK7","0"
"4","2026-03-17","sarath-city","Sarath City","neptune","Neptune","UK8","0"
"4","2026-03-17","sarath-city","Sarath City","neptune","Neptune","UK9","1"
"4","2026-03-17","sarath-city","Sarath City","neptune","Neptune","UK10","0"
"4","2026-03-17","sarath-city","Sarath City","neptune","Neptune","UK11","0"
"4","2026-03-17","sarath-city","Sarath City","saffron","Saffron","UK6","0"
"4","2026-03-17","sarath-city","Sarath City","saffron","Saffron","UK7","0"
"4","2026-03-17","sarath-city","Sarath City","saffron","Saffron","UK8","0"
"4","2026-03-17","sarath-city","Sarath City","saffron","Saffron","UK9","0"
"4","2026-03-17","sarath-city","Sarath City","saffron","Saffron","UK10","0"
"4","2026-03-17","sarath-city","Sarath City","saffron","Saffron","UK11","0"
"5","2026-03-24","indiranagar","Indiranagar","madagascar","Madagascar","UK6","1"
"5","2026-03-24","indiranagar","Indiranagar","madagascar","Madagascar","UK7","1"
"5","2026-03-24","indiranagar","Indiranagar","madagascar","Madagascar","UK8","1"
"5","2026-03-24","indiranagar","Indiranagar","madagascar","Madagascar","UK9","2"
"5","2026-03-24","indiranagar","Indiranagar","madagascar","Madagascar","UK10","1"
"5","2026-03-24","indiranagar","Indiranagar","madagascar","Madagascar","UK11","1"
"5","2026-03-24","indiranagar","Indiranagar","mango-chilli","Mango Chilli","UK6","0"
"5","2026-03-24","indiranagar","Indiranagar","mango-chilli","Mango Chilli","UK7","0"
"5","2026-03-24","indiranagar","Indiranagar","mango-chilli","Mango Chilli","UK8","1"
"5","2026-03-24","indiranagar","Indiranagar","mango-chilli","Mango Chilli","UK9","1"
"5","2026-03-24","indiranagar","Indiranagar","mango-chilli","Mango Chilli","UK10","1"
"5","2026-03-24","indiranagar","Indiranagar","mango-chilli","Mango Chilli","UK11","0"
"5","2026-03-24","indiranagar","Indiranagar","chestnut","Chestnut","UK6","1"
"5","2026-03-24","indiranagar","Indiranagar","chestnut","Chestnut","UK7","1"
"5","2026-03-24","indiranagar","Indiranagar","chestnut","Chestnut","UK8","1"
"5","2026-03-24","indiranagar","Indiranagar","chestnut","Chestnut","UK9","1"
"5","2026-03-24","indiranagar","Indiranagar","chestnut","Chestnut","UK10","0"
"5","2026-03-24","indiranagar","Indiranagar","chestnut","Chestnut","UK11","1"
"5","2026-03-24","indiranagar","Indiranagar","neptune","Neptune","UK6","1"
"5","2026-03-24","indiranagar","Indiranagar","neptune","Neptune","UK7","1"
"5","2026-03-24","indiranagar","Indiranagar","neptune","Neptune","UK8","2"
"5","2026-03-24","indiranagar","Indiranagar","neptune","Neptune","UK9","2"
"5","2026-03-24","indiranagar","Indiranagar","neptune","Neptune","UK10","1"
"5","2026-03-24","indiranagar","Indiranagar","neptune","Neptune","UK11","1"
"5","2026-03-24","indiranagar","Indiranagar","saffron","Saffron","UK6","0"
"5","2026-03-24","indiranagar","Indiranagar","saffron","Saffron","UK7","0"
"5","2026-03-24","indiranagar","Indiranagar","saffron","Saffron","UK8","1"
"5","2026-03-24","indiranagar","Indiranagar","saffron","Saffron","UK9","0"
"5","2026-03-24","indiranagar","Indiranagar","saffron","Saffron","UK10","0"
"5","2026-03-24","indiranagar","Indiranagar","saffron","Saffron","UK11","0"
"5","2026-03-24","vasant-vihar","Vasant Vihar","madagascar","Madagascar","UK6","0"
"5","2026-03-24","vasant-vihar","Vasant Vihar","madagascar","Madagascar","UK7","1"
"5","2026-03-24","vasant-vihar","Vasant Vihar","madagascar","Madagascar","UK8","1"
"5","2026-03-24","vasant-vihar","Vasant Vihar","madagascar","Madagascar","UK9","1"
"5","2026-03-24","vasant-vihar","Vasant Vihar","madagascar","Madagascar","UK10","0"
"5","2026-03-24","vasant-vihar","Vasant Vihar","madagascar","Madagascar","UK11","0"
"5","2026-03-24","vasant-vihar","Vasant Vihar","mango-chilli","Mango Chilli","UK6","0"
"5","2026-03-24","vasant-vihar","Vasant Vihar","mango-chilli","Mango Chilli","UK7","1"
"5","2026-03-24","vasant-vihar","Vasant Vihar","mango-chilli","Mango Chilli","UK8","2"
"5","2026-03-24","vasant-vihar","Vasant Vihar","mango-chilli","Mango Chilli","UK9","1"
"5","2026-03-24","vasant-vihar","Vasant Vihar","mango-chilli","Mango Chilli","UK10","1"
"5","2026-03-24","vasant-vihar","Vasant Vihar","mango-chilli","Mango Chilli","UK11","1"
"5","2026-03-24","vasant-vihar","Vasant Vihar","chestnut","Chestnut","UK6","1"
"5","2026-03-24","vasant-vihar","Vasant Vihar","chestnut","Chestnut","UK7","1"
"5","2026-03-24","vasant-vihar","Vasant Vihar","chestnut","Chestnut","UK8","1"
"5","2026-03-24","vasant-vihar","Vasant Vihar","chestnut","Chestnut","UK9","1"
"5","2026-03-24","vasant-vihar","Vasant Vihar","chestnut","Chestnut","UK10","1"
"5","2026-03-24","vasant-vihar","Vasant Vihar","chestnut","Chestnut","UK11","0"
"5","2026-03-24","vasant-vihar","Vasant Vihar","neptune","Neptune","UK6","0"
"5","2026-03-24","vasant-vihar","Vasant Vihar","neptune","Neptune","UK7","1"
"5","2026-03-24","vasant-vihar","Vasant Vihar","neptune","Neptune","UK8","1"
"5","2026-03-24","vasant-vihar","Vasant Vihar","neptune","Neptune","UK9","1"
"5","2026-03-24","vasant-vihar","Vasant Vihar","neptune","Neptune","UK10","0"
"5","2026-03-24","vasant-vihar","Vasant Vihar","neptune","Neptune","UK11","1"
"5","2026-03-24","vasant-vihar","Vasant Vihar","saffron","Saffron","UK6","0"
"5","2026-03-24","vasant-vihar","Vasant Vihar","saffron","Saffron","UK7","0"
"5","2026-03-24","vasant-vihar","Vasant Vihar","saffron","Saffron","UK8","0"
"5","2026-03-24","vasant-vihar","Vasant Vihar","saffron","Saffron","UK9","0"
"5","2026-03-24","vasant-vihar","Vasant Vihar","saffron","Saffron","UK10","0"
"5","2026-03-24","vasant-vihar","Vasant Vihar","saffron","Saffron","UK11","0"
"5","2026-03-24","navrangpura","Navrangpura","madagascar","Madagascar","UK6","0"
"5","2026-03-24","navrangpura","Navrangpura","madagascar","Madagascar","UK7","0"
"5","2026-03-24","navrangpura","Navrangpura","madagascar","Madagascar","UK8","1"
"5","2026-03-24","navrangpura","Navrangpura","madagascar","Madagascar","UK9","1"
"5","2026-03-24","navrangpura","Navrangpura","madagascar","Madagascar","UK10","1"
"5","2026-03-24","navrangpura","Navrangpura","madagascar","Madagascar","UK11","1"
"5","2026-03-24","navrangpura","Navrangpura","mango-chilli","Mango Chilli","UK6","0"
"5","2026-03-24","navrangpura","Navrangpura","mango-chilli","Mango Chilli","UK7","0"
"5","2026-03-24","navrangpura","Navrangpura","mango-chilli","Mango Chilli","UK8","1"
"5","2026-03-24","navrangpura","Navrangpura","mango-chilli","Mango Chilli","UK9","1"
"5","2026-03-24","navrangpura","Navrangpura","mango-chilli","Mango Chilli","UK10","1"
"5","2026-03-24","navrangpura","Navrangpura","mango-chilli","Mango Chilli","UK11","0"
"5","2026-03-24","navrangpura","Navrangpura","chestnut","Chestnut","UK6","1"
"5","2026-03-24","navrangpura","Navrangpura","chestnut","Chestnut","UK7","1"
"5","2026-03-24","navrangpura","Navrangpura","chestnut","Chestnut","UK8","1"
"5","2026-03-24","navrangpura","Navrangpura","chestnut","Chestnut","UK9","1"
"5","2026-03-24","navrangpura","Navrangpura","chestnut","Chestnut","UK10","0"
"5","2026-03-24","navrangpura","Navrangpura","chestnut","Chestnut","UK11","1"
"5","2026-03-24","navrangpura","Navrangpura","neptune","Neptune","UK6","0"
"5","2026-03-24","navrangpura","Navrangpura","neptune","Neptune","UK7","0"
"5","2026-03-24","navrangpura","Navrangpura","neptune","Neptune","UK8","1"
"5","2026-03-24","navrangpura","Navrangpura","neptune","Neptune","UK9","1"
"5","2026-03-24","navrangpura","Navrangpura","neptune","Neptune","UK10","0"
"5","2026-03-24","navrangpura","Navrangpura","neptune","Neptune","UK11","1"
"5","2026-03-24","navrangpura","Navrangpura","saffron","Saffron","UK6","0"
"5","2026-03-24","navrangpura","Navrangpura","saffron","Saffron","UK7","0"
"5","2026-03-24","navrangpura","Navrangpura","saffron","Saffron","UK8","0"
"5","2026-03-24","navrangpura","Navrangpura","saffron","Saffron","UK9","0"
"5","2026-03-24","navrangpura","Navrangpura","saffron","Saffron","UK10","0"
"5","2026-03-24","navrangpura","Navrangpura","saffron","Saffron","UK11","0"
"5","2026-03-24","lakeshore","Lakeshore Mall","madagascar","Madagascar","UK6","0"
"5","2026-03-24","lakeshore","Lakeshore Mall","madagascar","Madagascar","UK7","1"
"5","2026-03-24","lakeshore","Lakeshore Mall","madagascar","Madagascar","UK8","1"
"5","2026-03-24","lakeshore","Lakeshore Mall","madagascar","Madagascar","UK9","1"
"5","2026-03-24","lakeshore","Lakeshore Mall","madagascar","Madagascar","UK10","1"
"5","2026-03-24","lakeshore","Lakeshore Mall","madagascar","Madagascar","UK11","0"
"5","2026-03-24","lakeshore","Lakeshore Mall","mango-chilli","Mango Chilli","UK6","0"
"5","2026-03-24","lakeshore","Lakeshore Mall","mango-chilli","Mango Chilli","UK7","0"
"5","2026-03-24","lakeshore","Lakeshore Mall","mango-chilli","Mango Chilli","UK8","1"
"5","2026-03-24","lakeshore","Lakeshore Mall","mango-chilli","Mango Chilli","UK9","1"
"5","2026-03-24","lakeshore","Lakeshore Mall","mango-chilli","Mango Chilli","UK10","0"
"5","2026-03-24","lakeshore","Lakeshore Mall","mango-chilli","Mango Chilli","UK11","0"
"5","2026-03-24","lakeshore","Lakeshore Mall","chestnut","Chestnut","UK6","0"
"5","2026-03-24","lakeshore","Lakeshore Mall","chestnut","Chestnut","UK7","0"
"5","2026-03-24","lakeshore","Lakeshore Mall","chestnut","Chestnut","UK8","1"
"5","2026-03-24","lakeshore","Lakeshore Mall","chestnut","Chestnut","UK9","1"
"5","2026-03-24","lakeshore","Lakeshore Mall","chestnut","Chestnut","UK10","0"
"5","2026-03-24","lakeshore","Lakeshore Mall","chestnut","Chestnut","UK11","0"
"5","2026-03-24","lakeshore","Lakeshore Mall","neptune","Neptune","UK6","0"
"5","2026-03-24","lakeshore","Lakeshore Mall","neptune","Neptune","UK7","0"
"5","2026-03-24","lakeshore","Lakeshore Mall","neptune","Neptune","UK8","1"
"5","2026-03-24","lakeshore","Lakeshore Mall","neptune","Neptune","UK9","0"
"5","2026-03-24","lakeshore","Lakeshore Mall","neptune","Neptune","UK10","0"
"5","2026-03-24","lakeshore","Lakeshore Mall","neptune","Neptune","UK11","0"
"5","2026-03-24","lakeshore","Lakeshore Mall","saffron","Saffron","UK6","0"
"5","2026-03-24","lakeshore","Lakeshore Mall","saffron","Saffron","UK7","0"
"5","2026-03-24","lakeshore","Lakeshore Mall","saffron","Saffron","UK8","0"
"5","2026-03-24","lakeshore","Lakeshore Mall","saffron","Saffron","UK9","0"
"5","2026-03-24","lakeshore","Lakeshore Mall","saffron","Saffron","UK10","0"
"5","2026-03-24","lakeshore","Lakeshore Mall","saffron","Saffron","UK11","0"
"5","2026-03-24","sarath-city","Sarath City","madagascar","Madagascar","UK6","1"
"5","2026-03-24","sarath-city","Sarath City","madagascar","Madagascar","UK7","1"
"5","2026-03-24","sarath-city","Sarath City","madagascar","Madagascar","UK8","1"
"5","2026-03-24","sarath-city","Sarath City","madagascar","Madagascar","UK9","1"
"5","2026-03-24","sarath-city","Sarath City","madagascar","Madagascar","UK10","1"
"5","2026-03-24","sarath-city","Sarath City","madagascar","Madagascar","UK11","0"
"5","2026-03-24","sarath-city","Sarath City","mango-chilli","Mango Chilli","UK6","0"
"5","2026-03-24","sarath-city","Sarath City","mango-chilli","Mango Chilli","UK7","1"
"5","2026-03-24","sarath-city","Sarath City","mango-chilli","Mango Chilli","UK8","1"
"5","2026-03-24","sarath-city","Sarath City","mango-chilli","Mango Chilli","UK9","1"
"5","2026-03-24","sarath-city","Sarath City","mango-chilli","Mango Chilli","UK10","0"
"5","2026-03-24","sarath-city","Sarath City","mango-chilli","Mango Chilli","UK11","0"
"5","2026-03-24","sarath-city","Sarath City","chestnut","Chestnut","UK6","0"
"5","2026-03-24","sarath-city","Sarath City","chestnut","Chestnut","UK7","1"
"5","2026-03-24","sarath-city","Sarath City","chestnut","Chestnut","UK8","1"
"5","2026-03-24","sarath-city","Sarath City","chestnut","Chestnut","UK9","1"
"5","2026-03-24","sarath-city","Sarath City","chestnut","Chestnut","UK10","0"
"5","2026-03-24","sarath-city","Sarath City","chestnut","Chestnut","UK11","1"
"5","2026-03-24","sarath-city","Sarath City","neptune","Neptune","UK6","0"
"5","2026-03-24","sarath-city","Sarath City","neptune","Neptune","UK7","1"
"5","2026-03-24","sarath-city","Sarath City","neptune","Neptune","UK8","1"
"5","2026-03-24","sarath-city","Sarath City","neptune","Neptune","UK9","1"
"5","2026-03-24","sarath-city","Sarath City","neptune","Neptune","UK10","0"
"5","2026-03-24","sarath-city","Sarath City","neptune","Neptune","UK11","0"
"5","2026-03-24","sarath-city","Sarath City","saffron","Saffron","UK6","0"
"5","2026-03-24","sarath-city","Sarath City","saffron","Saffron","UK7","0"
"5","2026-03-24","sarath-city","Sarath City","saffron","Saffron","UK8","0"
"5","2026-03-24","sarath-city","Sarath City","saffron","Saffron","UK9","0"
"5","2026-03-24","sarath-city","Sarath City","saffron","Saffron","UK10","0"
"5","2026-03-24","sarath-city","Sarath City","saffron","Saffron","UK11","0"
"6","2026-03-31","indiranagar","Indiranagar","madagascar","Madagascar","UK6","1"
"6","2026-03-31","indiranagar","Indiranagar","madagascar","Madagascar","UK7","1"
"6","2026-03-31","indiranagar","Indiranagar","madagascar","Madagascar","UK8","2"
"6","2026-03-31","indiranagar","Indiranagar","madagascar","Madagascar","UK9","2"
"6","2026-03-31","indiranagar","Indiranagar","madagascar","Madagascar","UK10","1"
"6","2026-03-31","indiranagar","Indiranagar","madagascar","Madagascar","UK11","1"
"6","2026-03-31","indiranagar","Indiranagar","mango-chilli","Mango Chilli","UK6","0"
"6","2026-03-31","indiranagar","Indiranagar","mango-chilli","Mango Chilli","UK7","1"
"6","2026-03-31","indiranagar","Indiranagar","mango-chilli","Mango Chilli","UK8","1"
"6","2026-03-31","indiranagar","Indiranagar","mango-chilli","Mango Chilli","UK9","1"
"6","2026-03-31","indiranagar","Indiranagar","mango-chilli","Mango Chilli","UK10","1"
"6","2026-03-31","indiranagar","Indiranagar","mango-chilli","Mango Chilli","UK11","0"
"6","2026-03-31","indiranagar","Indiranagar","chestnut","Chestnut","UK6","0"
"6","2026-03-31","indiranagar","Indiranagar","chestnut","Chestnut","UK7","0"
"6","2026-03-31","indiranagar","Indiranagar","chestnut","Chestnut","UK8","1"
"6","2026-03-31","indiranagar","Indiranagar","chestnut","Chestnut","UK9","1"
"6","2026-03-31","indiranagar","Indiranagar","chestnut","Chestnut","UK10","0"
"6","2026-03-31","indiranagar","Indiranagar","chestnut","Chestnut","UK11","0"
"6","2026-03-31","indiranagar","Indiranagar","neptune","Neptune","UK6","0"
"6","2026-03-31","indiranagar","Indiranagar","neptune","Neptune","UK7","1"
"6","2026-03-31","indiranagar","Indiranagar","neptune","Neptune","UK8","1"
"6","2026-03-31","indiranagar","Indiranagar","neptune","Neptune","UK9","1"
"6","2026-03-31","indiranagar","Indiranagar","neptune","Neptune","UK10","1"
"6","2026-03-31","indiranagar","Indiranagar","neptune","Neptune","UK11","0"
"6","2026-03-31","indiranagar","Indiranagar","saffron","Saffron","UK6","0"
"6","2026-03-31","indiranagar","Indiranagar","saffron","Saffron","UK7","1"
"6","2026-03-31","indiranagar","Indiranagar","saffron","Saffron","UK8","1"
"6","2026-03-31","indiranagar","Indiranagar","saffron","Saffron","UK9","0"
"6","2026-03-31","indiranagar","Indiranagar","saffron","Saffron","UK10","0"
"6","2026-03-31","indiranagar","Indiranagar","saffron","Saffron","UK11","0"
"6","2026-03-31","vasant-vihar","Vasant Vihar","madagascar","Madagascar","UK6","0"
"6","2026-03-31","vasant-vihar","Vasant Vihar","madagascar","Madagascar","UK7","1"
"6","2026-03-31","vasant-vihar","Vasant Vihar","madagascar","Madagascar","UK8","1"
"6","2026-03-31","vasant-vihar","Vasant Vihar","madagascar","Madagascar","UK9","1"
"6","2026-03-31","vasant-vihar","Vasant Vihar","madagascar","Madagascar","UK10","1"
"6","2026-03-31","vasant-vihar","Vasant Vihar","madagascar","Madagascar","UK11","1"
"6","2026-03-31","vasant-vihar","Vasant Vihar","mango-chilli","Mango Chilli","UK6","0"
"6","2026-03-31","vasant-vihar","Vasant Vihar","mango-chilli","Mango Chilli","UK7","1"
"6","2026-03-31","vasant-vihar","Vasant Vihar","mango-chilli","Mango Chilli","UK8","1"
"6","2026-03-31","vasant-vihar","Vasant Vihar","mango-chilli","Mango Chilli","UK9","1"
"6","2026-03-31","vasant-vihar","Vasant Vihar","mango-chilli","Mango Chilli","UK10","1"
"6","2026-03-31","vasant-vihar","Vasant Vihar","mango-chilli","Mango Chilli","UK11","1"
"6","2026-03-31","vasant-vihar","Vasant Vihar","chestnut","Chestnut","UK6","0"
"6","2026-03-31","vasant-vihar","Vasant Vihar","chestnut","Chestnut","UK7","1"
"6","2026-03-31","vasant-vihar","Vasant Vihar","chestnut","Chestnut","UK8","1"
"6","2026-03-31","vasant-vihar","Vasant Vihar","chestnut","Chestnut","UK9","1"
"6","2026-03-31","vasant-vihar","Vasant Vihar","chestnut","Chestnut","UK10","1"
"6","2026-03-31","vasant-vihar","Vasant Vihar","chestnut","Chestnut","UK11","0"
"6","2026-03-31","vasant-vihar","Vasant Vihar","neptune","Neptune","UK6","1"
"6","2026-03-31","vasant-vihar","Vasant Vihar","neptune","Neptune","UK7","1"
"6","2026-03-31","vasant-vihar","Vasant Vihar","neptune","Neptune","UK8","1"
"6","2026-03-31","vasant-vihar","Vasant Vihar","neptune","Neptune","UK9","1"
"6","2026-03-31","vasant-vihar","Vasant Vihar","neptune","Neptune","UK10","0"
"6","2026-03-31","vasant-vihar","Vasant Vihar","neptune","Neptune","UK11","1"
"6","2026-03-31","vasant-vihar","Vasant Vihar","saffron","Saffron","UK6","0"
"6","2026-03-31","vasant-vihar","Vasant Vihar","saffron","Saffron","UK7","0"
"6","2026-03-31","vasant-vihar","Vasant Vihar","saffron","Saffron","UK8","0"
"6","2026-03-31","vasant-vihar","Vasant Vihar","saffron","Saffron","UK9","0"
"6","2026-03-31","vasant-vihar","Vasant Vihar","saffron","Saffron","UK10","0"
"6","2026-03-31","vasant-vihar","Vasant Vihar","saffron","Saffron","UK11","0"
"6","2026-03-31","navrangpura","Navrangpura","madagascar","Madagascar","UK6","0"
"6","2026-03-31","navrangpura","Navrangpura","madagascar","Madagascar","UK7","1"
"6","2026-03-31","navrangpura","Navrangpura","madagascar","Madagascar","UK8","1"
"6","2026-03-31","navrangpura","Navrangpura","madagascar","Madagascar","UK9","1"
"6","2026-03-31","navrangpura","Navrangpura","madagascar","Madagascar","UK10","0"
"6","2026-03-31","navrangpura","Navrangpura","madagascar","Madagascar","UK11","0"
"6","2026-03-31","navrangpura","Navrangpura","mango-chilli","Mango Chilli","UK6","0"
"6","2026-03-31","navrangpura","Navrangpura","mango-chilli","Mango Chilli","UK7","1"
"6","2026-03-31","navrangpura","Navrangpura","mango-chilli","Mango Chilli","UK8","1"
"6","2026-03-31","navrangpura","Navrangpura","mango-chilli","Mango Chilli","UK9","1"
"6","2026-03-31","navrangpura","Navrangpura","mango-chilli","Mango Chilli","UK10","0"
"6","2026-03-31","navrangpura","Navrangpura","mango-chilli","Mango Chilli","UK11","0"
"6","2026-03-31","navrangpura","Navrangpura","chestnut","Chestnut","UK6","0"
"6","2026-03-31","navrangpura","Navrangpura","chestnut","Chestnut","UK7","1"
"6","2026-03-31","navrangpura","Navrangpura","chestnut","Chestnut","UK8","1"
"6","2026-03-31","navrangpura","Navrangpura","chestnut","Chestnut","UK9","1"
"6","2026-03-31","navrangpura","Navrangpura","chestnut","Chestnut","UK10","0"
"6","2026-03-31","navrangpura","Navrangpura","chestnut","Chestnut","UK11","0"
"6","2026-03-31","navrangpura","Navrangpura","neptune","Neptune","UK6","0"
"6","2026-03-31","navrangpura","Navrangpura","neptune","Neptune","UK7","0"
"6","2026-03-31","navrangpura","Navrangpura","neptune","Neptune","UK8","1"
"6","2026-03-31","navrangpura","Navrangpura","neptune","Neptune","UK9","1"
"6","2026-03-31","navrangpura","Navrangpura","neptune","Neptune","UK10","0"
"6","2026-03-31","navrangpura","Navrangpura","neptune","Neptune","UK11","0"
"6","2026-03-31","navrangpura","Navrangpura","saffron","Saffron","UK6","0"
"6","2026-03-31","navrangpura","Navrangpura","saffron","Saffron","UK7","0"
"6","2026-03-31","navrangpura","Navrangpura","saffron","Saffron","UK8","0"
"6","2026-03-31","navrangpura","Navrangpura","saffron","Saffron","UK9","0"
"6","2026-03-31","navrangpura","Navrangpura","saffron","Saffron","UK10","0"
"6","2026-03-31","navrangpura","Navrangpura","saffron","Saffron","UK11","0"
"6","2026-03-31","lakeshore","Lakeshore Mall","madagascar","Madagascar","UK6","0"
"6","2026-03-31","lakeshore","Lakeshore Mall","madagascar","Madagascar","UK7","0"
"6","2026-03-31","lakeshore","Lakeshore Mall","madagascar","Madagascar","UK8","1"
"6","2026-03-31","lakeshore","Lakeshore Mall","madagascar","Madagascar","UK9","1"
"6","2026-03-31","lakeshore","Lakeshore Mall","madagascar","Madagascar","UK10","1"
"6","2026-03-31","lakeshore","Lakeshore Mall","madagascar","Madagascar","UK11","1"
"6","2026-03-31","lakeshore","Lakeshore Mall","mango-chilli","Mango Chilli","UK6","0"
"6","2026-03-31","lakeshore","Lakeshore Mall","mango-chilli","Mango Chilli","UK7","0"
"6","2026-03-31","lakeshore","Lakeshore Mall","mango-chilli","Mango Chilli","UK8","1"
"6","2026-03-31","lakeshore","Lakeshore Mall","mango-chilli","Mango Chilli","UK9","1"
"6","2026-03-31","lakeshore","Lakeshore Mall","mango-chilli","Mango Chilli","UK10","0"
"6","2026-03-31","lakeshore","Lakeshore Mall","mango-chilli","Mango Chilli","UK11","0"
"6","2026-03-31","lakeshore","Lakeshore Mall","chestnut","Chestnut","UK6","1"
"6","2026-03-31","lakeshore","Lakeshore Mall","chestnut","Chestnut","UK7","0"
"6","2026-03-31","lakeshore","Lakeshore Mall","chestnut","Chestnut","UK8","1"
"6","2026-03-31","lakeshore","Lakeshore Mall","chestnut","Chestnut","UK9","1"
"6","2026-03-31","lakeshore","Lakeshore Mall","chestnut","Chestnut","UK10","0"
"6","2026-03-31","lakeshore","Lakeshore Mall","chestnut","Chestnut","UK11","0"
"6","2026-03-31","lakeshore","Lakeshore Mall","neptune","Neptune","UK6","0"
"6","2026-03-31","lakeshore","Lakeshore Mall","neptune","Neptune","UK7","0"
"6","2026-03-31","lakeshore","Lakeshore Mall","neptune","Neptune","UK8","0"
"6","2026-03-31","lakeshore","Lakeshore Mall","neptune","Neptune","UK9","0"
"6","2026-03-31","lakeshore","Lakeshore Mall","neptune","Neptune","UK10","1"
"6","2026-03-31","lakeshore","Lakeshore Mall","neptune","Neptune","UK11","0"
"6","2026-03-31","lakeshore","Lakeshore Mall","saffron","Saffron","UK6","0"
"6","2026-03-31","lakeshore","Lakeshore Mall","saffron","Saffron","UK7","0"
"6","2026-03-31","lakeshore","Lakeshore Mall","saffron","Saffron","UK8","0"
"6","2026-03-31","lakeshore","Lakeshore Mall","saffron","Saffron","UK9","0"
"6","2026-03-31","lakeshore","Lakeshore Mall","saffron","Saffron","UK10","0"
"6","2026-03-31","lakeshore","Lakeshore Mall","saffron","Saffron","UK11","0"
"6","2026-03-31","sarath-city","Sarath City","madagascar","Madagascar","UK6","1"
"6","2026-03-31","sarath-city","Sarath City","madagascar","Madagascar","UK7","0"
"6","2026-03-31","sarath-city","Sarath City","madagascar","Madagascar","UK8","1"
"6","2026-03-31","sarath-city","Sarath City","madagascar","Madagascar","UK9","1"
"6","2026-03-31","sarath-city","Sarath City","madagascar","Madagascar","UK10","1"
"6","2026-03-31","sarath-city","Sarath City","madagascar","Madagascar","UK11","0"
"6","2026-03-31","sarath-city","Sarath City","mango-chilli","Mango Chilli","UK6","1"
"6","2026-03-31","sarath-city","Sarath City","mango-chilli","Mango Chilli","UK7","1"
"6","2026-03-31","sarath-city","Sarath City","mango-chilli","Mango Chilli","UK8","1"
"6","2026-03-31","sarath-city","Sarath City","mango-chilli","Mango Chilli","UK9","1"
"6","2026-03-31","sarath-city","Sarath City","mango-chilli","Mango Chilli","UK10","0"
"6","2026-03-31","sarath-city","Sarath City","mango-chilli","Mango Chilli","UK11","0"
"6","2026-03-31","sarath-city","Sarath City","chestnut","Chestnut","UK6","0"
"6","2026-03-31","sarath-city","Sarath City","chestnut","Chestnut","UK7","0"
"6","2026-03-31","sarath-city","Sarath City","chestnut","Chestnut","UK8","1"
"6","2026-03-31","sarath-city","Sarath City","chestnut","Chestnut","UK9","1"
"6","2026-03-31","sarath-city","Sarath City","chestnut","Chestnut","UK10","0"
"6","2026-03-31","sarath-city","Sarath City","chestnut","Chestnut","UK11","0"
"6","2026-03-31","sarath-city","Sarath City","neptune","Neptune","UK6","0"
"6","2026-03-31","sarath-city","Sarath City","neptune","Neptune","UK7","1"
"6","2026-03-31","sarath-city","Sarath City","neptune","Neptune","UK8","1"
"6","2026-03-31","sarath-city","Sarath City","neptune","Neptune","UK9","1"
"6","2026-03-31","sarath-city","Sarath City","neptune","Neptune","UK10","1"
"6","2026-03-31","sarath-city","Sarath City","neptune","Neptune","UK11","1"
"6","2026-03-31","sarath-city","Sarath City","saffron","Saffron","UK6","0"
"6","2026-03-31","sarath-city","Sarath City","saffron","Saffron","UK7","0"
"6","2026-03-31","sarath-city","Sarath City","saffron","Saffron","UK8","0"
"6","2026-03-31","sarath-city","Sarath City","saffron","Saffron","UK9","0"
"6","2026-03-31","sarath-city","Sarath City","saffron","Saffron","UK10","0"
"6","2026-03-31","sarath-city","Sarath City","saffron","Saffron","UK11","0"
"7","2026-04-07","indiranagar","Indiranagar","madagascar","Madagascar","UK6","0"
"7","2026-04-07","indiranagar","Indiranagar","madagascar","Madagascar","UK7","1"
"7","2026-04-07","indiranagar","Indiranagar","madagascar","Madagascar","UK8","3"
"7","2026-04-07","indiranagar","Indiranagar","madagascar","Madagascar","UK9","2"
"7","2026-04-07","indiranagar","Indiranagar","madagascar","Madagascar","UK10","2"
"7","2026-04-07","indiranagar","Indiranagar","madagascar","Madagascar","UK11","1"
"7","2026-04-07","indiranagar","Indiranagar","mango-chilli","Mango Chilli","UK6","1"
"7","2026-04-07","indiranagar","Indiranagar","mango-chilli","Mango Chilli","UK7","1"
"7","2026-04-07","indiranagar","Indiranagar","mango-chilli","Mango Chilli","UK8","2"
"7","2026-04-07","indiranagar","Indiranagar","mango-chilli","Mango Chilli","UK9","1"
"7","2026-04-07","indiranagar","Indiranagar","mango-chilli","Mango Chilli","UK10","1"
"7","2026-04-07","indiranagar","Indiranagar","mango-chilli","Mango Chilli","UK11","0"
"7","2026-04-07","indiranagar","Indiranagar","chestnut","Chestnut","UK6","0"
"7","2026-04-07","indiranagar","Indiranagar","chestnut","Chestnut","UK7","1"
"7","2026-04-07","indiranagar","Indiranagar","chestnut","Chestnut","UK8","1"
"7","2026-04-07","indiranagar","Indiranagar","chestnut","Chestnut","UK9","1"
"7","2026-04-07","indiranagar","Indiranagar","chestnut","Chestnut","UK10","0"
"7","2026-04-07","indiranagar","Indiranagar","chestnut","Chestnut","UK11","0"
"7","2026-04-07","indiranagar","Indiranagar","neptune","Neptune","UK6","0"
"7","2026-04-07","indiranagar","Indiranagar","neptune","Neptune","UK7","1"
"7","2026-04-07","indiranagar","Indiranagar","neptune","Neptune","UK8","1"
"7","2026-04-07","indiranagar","Indiranagar","neptune","Neptune","UK9","1"
"7","2026-04-07","indiranagar","Indiranagar","neptune","Neptune","UK10","1"
"7","2026-04-07","indiranagar","Indiranagar","neptune","Neptune","UK11","0"
"7","2026-04-07","indiranagar","Indiranagar","saffron","Saffron","UK6","0"
"7","2026-04-07","indiranagar","Indiranagar","saffron","Saffron","UK7","0"
"7","2026-04-07","indiranagar","Indiranagar","saffron","Saffron","UK8","0"
"7","2026-04-07","indiranagar","Indiranagar","saffron","Saffron","UK9","0"
"7","2026-04-07","indiranagar","Indiranagar","saffron","Saffron","UK10","0"
"7","2026-04-07","indiranagar","Indiranagar","saffron","Saffron","UK11","0"
"7","2026-04-07","vasant-vihar","Vasant Vihar","madagascar","Madagascar","UK6","0"
"7","2026-04-07","vasant-vihar","Vasant Vihar","madagascar","Madagascar","UK7","1"
"7","2026-04-07","vasant-vihar","Vasant Vihar","madagascar","Madagascar","UK8","1"
"7","2026-04-07","vasant-vihar","Vasant Vihar","madagascar","Madagascar","UK9","1"
"7","2026-04-07","vasant-vihar","Vasant Vihar","madagascar","Madagascar","UK10","1"
"7","2026-04-07","vasant-vihar","Vasant Vihar","madagascar","Madagascar","UK11","0"
"7","2026-04-07","vasant-vihar","Vasant Vihar","mango-chilli","Mango Chilli","UK6","0"
"7","2026-04-07","vasant-vihar","Vasant Vihar","mango-chilli","Mango Chilli","UK7","1"
"7","2026-04-07","vasant-vihar","Vasant Vihar","mango-chilli","Mango Chilli","UK8","1"
"7","2026-04-07","vasant-vihar","Vasant Vihar","mango-chilli","Mango Chilli","UK9","1"
"7","2026-04-07","vasant-vihar","Vasant Vihar","mango-chilli","Mango Chilli","UK10","1"
"7","2026-04-07","vasant-vihar","Vasant Vihar","mango-chilli","Mango Chilli","UK11","0"
"7","2026-04-07","vasant-vihar","Vasant Vihar","chestnut","Chestnut","UK6","0"
"7","2026-04-07","vasant-vihar","Vasant Vihar","chestnut","Chestnut","UK7","0"
"7","2026-04-07","vasant-vihar","Vasant Vihar","chestnut","Chestnut","UK8","1"
"7","2026-04-07","vasant-vihar","Vasant Vihar","chestnut","Chestnut","UK9","1"
"7","2026-04-07","vasant-vihar","Vasant Vihar","chestnut","Chestnut","UK10","1"
"7","2026-04-07","vasant-vihar","Vasant Vihar","chestnut","Chestnut","UK11","0"
"7","2026-04-07","vasant-vihar","Vasant Vihar","neptune","Neptune","UK6","1"
"7","2026-04-07","vasant-vihar","Vasant Vihar","neptune","Neptune","UK7","0"
"7","2026-04-07","vasant-vihar","Vasant Vihar","neptune","Neptune","UK8","1"
"7","2026-04-07","vasant-vihar","Vasant Vihar","neptune","Neptune","UK9","1"
"7","2026-04-07","vasant-vihar","Vasant Vihar","neptune","Neptune","UK10","0"
"7","2026-04-07","vasant-vihar","Vasant Vihar","neptune","Neptune","UK11","0"
"7","2026-04-07","vasant-vihar","Vasant Vihar","saffron","Saffron","UK6","0"
"7","2026-04-07","vasant-vihar","Vasant Vihar","saffron","Saffron","UK7","0"
"7","2026-04-07","vasant-vihar","Vasant Vihar","saffron","Saffron","UK8","0"
"7","2026-04-07","vasant-vihar","Vasant Vihar","saffron","Saffron","UK9","0"
"7","2026-04-07","vasant-vihar","Vasant Vihar","saffron","Saffron","UK10","0"
"7","2026-04-07","vasant-vihar","Vasant Vihar","saffron","Saffron","UK11","0"
"7","2026-04-07","navrangpura","Navrangpura","madagascar","Madagascar","UK6","0"
"7","2026-04-07","navrangpura","Navrangpura","madagascar","Madagascar","UK7","1"
"7","2026-04-07","navrangpura","Navrangpura","madagascar","Madagascar","UK8","1"
"7","2026-04-07","navrangpura","Navrangpura","madagascar","Madagascar","UK9","1"
"7","2026-04-07","navrangpura","Navrangpura","madagascar","Madagascar","UK10","1"
"7","2026-04-07","navrangpura","Navrangpura","madagascar","Madagascar","UK11","0"
"7","2026-04-07","navrangpura","Navrangpura","mango-chilli","Mango Chilli","UK6","1"
"7","2026-04-07","navrangpura","Navrangpura","mango-chilli","Mango Chilli","UK7","0"
"7","2026-04-07","navrangpura","Navrangpura","mango-chilli","Mango Chilli","UK8","1"
"7","2026-04-07","navrangpura","Navrangpura","mango-chilli","Mango Chilli","UK9","1"
"7","2026-04-07","navrangpura","Navrangpura","mango-chilli","Mango Chilli","UK10","0"
"7","2026-04-07","navrangpura","Navrangpura","mango-chilli","Mango Chilli","UK11","0"
"7","2026-04-07","navrangpura","Navrangpura","chestnut","Chestnut","UK6","0"
"7","2026-04-07","navrangpura","Navrangpura","chestnut","Chestnut","UK7","1"
"7","2026-04-07","navrangpura","Navrangpura","chestnut","Chestnut","UK8","1"
"7","2026-04-07","navrangpura","Navrangpura","chestnut","Chestnut","UK9","1"
"7","2026-04-07","navrangpura","Navrangpura","chestnut","Chestnut","UK10","1"
"7","2026-04-07","navrangpura","Navrangpura","chestnut","Chestnut","UK11","0"
"7","2026-04-07","navrangpura","Navrangpura","neptune","Neptune","UK6","1"
"7","2026-04-07","navrangpura","Navrangpura","neptune","Neptune","UK7","1"
"7","2026-04-07","navrangpura","Navrangpura","neptune","Neptune","UK8","0"
"7","2026-04-07","navrangpura","Navrangpura","neptune","Neptune","UK9","1"
"7","2026-04-07","navrangpura","Navrangpura","neptune","Neptune","UK10","0"
"7","2026-04-07","navrangpura","Navrangpura","neptune","Neptune","UK11","1"
"7","2026-04-07","navrangpura","Navrangpura","saffron","Saffron","UK6","0"
"7","2026-04-07","navrangpura","Navrangpura","saffron","Saffron","UK7","0"
"7","2026-04-07","navrangpura","Navrangpura","saffron","Saffron","UK8","0"
"7","2026-04-07","navrangpura","Navrangpura","saffron","Saffron","UK9","0"
"7","2026-04-07","navrangpura","Navrangpura","saffron","Saffron","UK10","0"
"7","2026-04-07","navrangpura","Navrangpura","saffron","Saffron","UK11","0"
"7","2026-04-07","lakeshore","Lakeshore Mall","madagascar","Madagascar","UK6","0"
"7","2026-04-07","lakeshore","Lakeshore Mall","madagascar","Madagascar","UK7","1"
"7","2026-04-07","lakeshore","Lakeshore Mall","madagascar","Madagascar","UK8","1"
"7","2026-04-07","lakeshore","Lakeshore Mall","madagascar","Madagascar","UK9","1"
"7","2026-04-07","lakeshore","Lakeshore Mall","madagascar","Madagascar","UK10","1"
"7","2026-04-07","lakeshore","Lakeshore Mall","madagascar","Madagascar","UK11","0"
"7","2026-04-07","lakeshore","Lakeshore Mall","mango-chilli","Mango Chilli","UK6","0"
"7","2026-04-07","lakeshore","Lakeshore Mall","mango-chilli","Mango Chilli","UK7","0"
"7","2026-04-07","lakeshore","Lakeshore Mall","mango-chilli","Mango Chilli","UK8","1"
"7","2026-04-07","lakeshore","Lakeshore Mall","mango-chilli","Mango Chilli","UK9","1"
"7","2026-04-07","lakeshore","Lakeshore Mall","mango-chilli","Mango Chilli","UK10","1"
"7","2026-04-07","lakeshore","Lakeshore Mall","mango-chilli","Mango Chilli","UK11","0"
"7","2026-04-07","lakeshore","Lakeshore Mall","chestnut","Chestnut","UK6","0"
"7","2026-04-07","lakeshore","Lakeshore Mall","chestnut","Chestnut","UK7","1"
"7","2026-04-07","lakeshore","Lakeshore Mall","chestnut","Chestnut","UK8","1"
"7","2026-04-07","lakeshore","Lakeshore Mall","chestnut","Chestnut","UK9","1"
"7","2026-04-07","lakeshore","Lakeshore Mall","chestnut","Chestnut","UK10","0"
"7","2026-04-07","lakeshore","Lakeshore Mall","chestnut","Chestnut","UK11","0"
"7","2026-04-07","lakeshore","Lakeshore Mall","neptune","Neptune","UK6","0"
"7","2026-04-07","lakeshore","Lakeshore Mall","neptune","Neptune","UK7","0"
"7","2026-04-07","lakeshore","Lakeshore Mall","neptune","Neptune","UK8","0"
"7","2026-04-07","lakeshore","Lakeshore Mall","neptune","Neptune","UK9","0"
"7","2026-04-07","lakeshore","Lakeshore Mall","neptune","Neptune","UK10","0"
"7","2026-04-07","lakeshore","Lakeshore Mall","neptune","Neptune","UK11","0"
"7","2026-04-07","lakeshore","Lakeshore Mall","saffron","Saffron","UK6","0"
"7","2026-04-07","lakeshore","Lakeshore Mall","saffron","Saffron","UK7","0"
"7","2026-04-07","lakeshore","Lakeshore Mall","saffron","Saffron","UK8","0"
"7","2026-04-07","lakeshore","Lakeshore Mall","saffron","Saffron","UK9","0"
"7","2026-04-07","lakeshore","Lakeshore Mall","saffron","Saffron","UK10","0"
"7","2026-04-07","lakeshore","Lakeshore Mall","saffron","Saffron","UK11","0"
"7","2026-04-07","sarath-city","Sarath City","madagascar","Madagascar","UK6","0"
"7","2026-04-07","sarath-city","Sarath City","madagascar","Madagascar","UK7","1"
"7","2026-04-07","sarath-city","Sarath City","madagascar","Madagascar","UK8","1"
"7","2026-04-07","sarath-city","Sarath City","madagascar","Madagascar","UK9","1"
"7","2026-04-07","sarath-city","Sarath City","madagascar","Madagascar","UK10","0"
"7","2026-04-07","sarath-city","Sarath City","madagascar","Madagascar","UK11","1"
"7","2026-04-07","sarath-city","Sarath City","mango-chilli","Mango Chilli","UK6","0"
"7","2026-04-07","sarath-city","Sarath City","mango-chilli","Mango Chilli","UK7","1"
"7","2026-04-07","sarath-city","Sarath City","mango-chilli","Mango Chilli","UK8","1"
"7","2026-04-07","sarath-city","Sarath City","mango-chilli","Mango Chilli","UK9","1"
"7","2026-04-07","sarath-city","Sarath City","mango-chilli","Mango Chilli","UK10","1"
"7","2026-04-07","sarath-city","Sarath City","mango-chilli","Mango Chilli","UK11","1"
"7","2026-04-07","sarath-city","Sarath City","chestnut","Chestnut","UK6","0"
"7","2026-04-07","sarath-city","Sarath City","chestnut","Chestnut","UK7","1"
"7","2026-04-07","sarath-city","Sarath City","chestnut","Chestnut","UK8","1"
"7","2026-04-07","sarath-city","Sarath City","chestnut","Chestnut","UK9","1"
"7","2026-04-07","sarath-city","Sarath City","chestnut","Chestnut","UK10","0"
"7","2026-04-07","sarath-city","Sarath City","chestnut","Chestnut","UK11","0"
"7","2026-04-07","sarath-city","Sarath City","neptune","Neptune","UK6","0"
"7","2026-04-07","sarath-city","Sarath City","neptune","Neptune","UK7","0"
"7","2026-04-07","sarath-city","Sarath City","neptune","Neptune","UK8","1"
"7","2026-04-07","sarath-city","Sarath City","neptune","Neptune","UK9","1"
"7","2026-04-07","sarath-city","Sarath City","neptune","Neptune","UK10","0"
"7","2026-04-07","sarath-city","Sarath City","neptune","Neptune","UK11","0"
"7","2026-04-07","sarath-city","Sarath City","saffron","Saffron","UK6","0"
"7","2026-04-07","sarath-city","Sarath City","saffron","Saffron","UK7","0"
"7","2026-04-07","sarath-city","Sarath City","saffron","Saffron","UK8","0"
"7","2026-04-07","sarath-city","Sarath City","saffron","Saffron","UK9","0"
"7","2026-04-07","sarath-city","Sarath City","saffron","Saffron","UK10","0"
"7","2026-04-07","sarath-city","Sarath City","saffron","Saffron","UK11","0"
"8","2026-04-14","indiranagar","Indiranagar","madagascar","Madagascar","UK6","1"
"8","2026-04-14","indiranagar","Indiranagar","madagascar","Madagascar","UK7","1"
"8","2026-04-14","indiranagar","Indiranagar","madagascar","Madagascar","UK8","2"
"8","2026-04-14","indiranagar","Indiranagar","madagascar","Madagascar","UK9","2"
"8","2026-04-14","indiranagar","Indiranagar","madagascar","Madagascar","UK10","1"
"8","2026-04-14","indiranagar","Indiranagar","madagascar","Madagascar","UK11","1"
"8","2026-04-14","indiranagar","Indiranagar","mango-chilli","Mango Chilli","UK6","1"
"8","2026-04-14","indiranagar","Indiranagar","mango-chilli","Mango Chilli","UK7","1"
"8","2026-04-14","indiranagar","Indiranagar","mango-chilli","Mango Chilli","UK8","1"
"8","2026-04-14","indiranagar","Indiranagar","mango-chilli","Mango Chilli","UK9","1"
"8","2026-04-14","indiranagar","Indiranagar","mango-chilli","Mango Chilli","UK10","1"
"8","2026-04-14","indiranagar","Indiranagar","mango-chilli","Mango Chilli","UK11","1"
"8","2026-04-14","indiranagar","Indiranagar","chestnut","Chestnut","UK6","1"
"8","2026-04-14","indiranagar","Indiranagar","chestnut","Chestnut","UK7","1"
"8","2026-04-14","indiranagar","Indiranagar","chestnut","Chestnut","UK8","1"
"8","2026-04-14","indiranagar","Indiranagar","chestnut","Chestnut","UK9","1"
"8","2026-04-14","indiranagar","Indiranagar","chestnut","Chestnut","UK10","1"
"8","2026-04-14","indiranagar","Indiranagar","chestnut","Chestnut","UK11","1"
"8","2026-04-14","indiranagar","Indiranagar","neptune","Neptune","UK6","1"
"8","2026-04-14","indiranagar","Indiranagar","neptune","Neptune","UK7","0"
"8","2026-04-14","indiranagar","Indiranagar","neptune","Neptune","UK8","1"
"8","2026-04-14","indiranagar","Indiranagar","neptune","Neptune","UK9","1"
"8","2026-04-14","indiranagar","Indiranagar","neptune","Neptune","UK10","1"
"8","2026-04-14","indiranagar","Indiranagar","neptune","Neptune","UK11","0"
"8","2026-04-14","indiranagar","Indiranagar","saffron","Saffron","UK6","1"
"8","2026-04-14","indiranagar","Indiranagar","saffron","Saffron","UK7","1"
"8","2026-04-14","indiranagar","Indiranagar","saffron","Saffron","UK8","0"
"8","2026-04-14","indiranagar","Indiranagar","saffron","Saffron","UK9","1"
"8","2026-04-14","indiranagar","Indiranagar","saffron","Saffron","UK10","1"
"8","2026-04-14","indiranagar","Indiranagar","saffron","Saffron","UK11","0"
"8","2026-04-14","vasant-vihar","Vasant Vihar","madagascar","Madagascar","UK6","1"
"8","2026-04-14","vasant-vihar","Vasant Vihar","madagascar","Madagascar","UK7","1"
"8","2026-04-14","vasant-vihar","Vasant Vihar","madagascar","Madagascar","UK8","1"
"8","2026-04-14","vasant-vihar","Vasant Vihar","madagascar","Madagascar","UK9","2"
"8","2026-04-14","vasant-vihar","Vasant Vihar","madagascar","Madagascar","UK10","1"
"8","2026-04-14","vasant-vihar","Vasant Vihar","madagascar","Madagascar","UK11","1"
"8","2026-04-14","vasant-vihar","Vasant Vihar","mango-chilli","Mango Chilli","UK6","0"
"8","2026-04-14","vasant-vihar","Vasant Vihar","mango-chilli","Mango Chilli","UK7","1"
"8","2026-04-14","vasant-vihar","Vasant Vihar","mango-chilli","Mango Chilli","UK8","1"
"8","2026-04-14","vasant-vihar","Vasant Vihar","mango-chilli","Mango Chilli","UK9","1"
"8","2026-04-14","vasant-vihar","Vasant Vihar","mango-chilli","Mango Chilli","UK10","0"
"8","2026-04-14","vasant-vihar","Vasant Vihar","mango-chilli","Mango Chilli","UK11","0"
"8","2026-04-14","vasant-vihar","Vasant Vihar","chestnut","Chestnut","UK6","1"
"8","2026-04-14","vasant-vihar","Vasant Vihar","chestnut","Chestnut","UK7","1"
"8","2026-04-14","vasant-vihar","Vasant Vihar","chestnut","Chestnut","UK8","1"
"8","2026-04-14","vasant-vihar","Vasant Vihar","chestnut","Chestnut","UK9","1"
"8","2026-04-14","vasant-vihar","Vasant Vihar","chestnut","Chestnut","UK10","1"
"8","2026-04-14","vasant-vihar","Vasant Vihar","chestnut","Chestnut","UK11","0"
"8","2026-04-14","vasant-vihar","Vasant Vihar","neptune","Neptune","UK6","0"
"8","2026-04-14","vasant-vihar","Vasant Vihar","neptune","Neptune","UK7","1"
"8","2026-04-14","vasant-vihar","Vasant Vihar","neptune","Neptune","UK8","1"
"8","2026-04-14","vasant-vihar","Vasant Vihar","neptune","Neptune","UK9","1"
"8","2026-04-14","vasant-vihar","Vasant Vihar","neptune","Neptune","UK10","0"
"8","2026-04-14","vasant-vihar","Vasant Vihar","neptune","Neptune","UK11","0"
"8","2026-04-14","vasant-vihar","Vasant Vihar","saffron","Saffron","UK6","1"
"8","2026-04-14","vasant-vihar","Vasant Vihar","saffron","Saffron","UK7","0"
"8","2026-04-14","vasant-vihar","Vasant Vihar","saffron","Saffron","UK8","1"
"8","2026-04-14","vasant-vihar","Vasant Vihar","saffron","Saffron","UK9","1"
"8","2026-04-14","vasant-vihar","Vasant Vihar","saffron","Saffron","UK10","0"
"8","2026-04-14","vasant-vihar","Vasant Vihar","saffron","Saffron","UK11","1"
"8","2026-04-14","navrangpura","Navrangpura","madagascar","Madagascar","UK6","1"
"8","2026-04-14","navrangpura","Navrangpura","madagascar","Madagascar","UK7","1"
"8","2026-04-14","navrangpura","Navrangpura","madagascar","Madagascar","UK8","1"
"8","2026-04-14","navrangpura","Navrangpura","madagascar","Madagascar","UK9","1"
"8","2026-04-14","navrangpura","Navrangpura","madagascar","Madagascar","UK10","1"
"8","2026-04-14","navrangpura","Navrangpura","madagascar","Madagascar","UK11","1"
"8","2026-04-14","navrangpura","Navrangpura","mango-chilli","Mango Chilli","UK6","0"
"8","2026-04-14","navrangpura","Navrangpura","mango-chilli","Mango Chilli","UK7","1"
"8","2026-04-14","navrangpura","Navrangpura","mango-chilli","Mango Chilli","UK8","1"
"8","2026-04-14","navrangpura","Navrangpura","mango-chilli","Mango Chilli","UK9","1"
"8","2026-04-14","navrangpura","Navrangpura","mango-chilli","Mango Chilli","UK10","0"
"8","2026-04-14","navrangpura","Navrangpura","mango-chilli","Mango Chilli","UK11","0"
"8","2026-04-14","navrangpura","Navrangpura","chestnut","Chestnut","UK6","0"
"8","2026-04-14","navrangpura","Navrangpura","chestnut","Chestnut","UK7","0"
"8","2026-04-14","navrangpura","Navrangpura","chestnut","Chestnut","UK8","0"
"8","2026-04-14","navrangpura","Navrangpura","chestnut","Chestnut","UK9","1"
"8","2026-04-14","navrangpura","Navrangpura","chestnut","Chestnut","UK10","0"
"8","2026-04-14","navrangpura","Navrangpura","chestnut","Chestnut","UK11","0"
"8","2026-04-14","navrangpura","Navrangpura","neptune","Neptune","UK6","0"
"8","2026-04-14","navrangpura","Navrangpura","neptune","Neptune","UK7","0"
"8","2026-04-14","navrangpura","Navrangpura","neptune","Neptune","UK8","1"
"8","2026-04-14","navrangpura","Navrangpura","neptune","Neptune","UK9","0"
"8","2026-04-14","navrangpura","Navrangpura","neptune","Neptune","UK10","1"
"8","2026-04-14","navrangpura","Navrangpura","neptune","Neptune","UK11","0"
"8","2026-04-14","navrangpura","Navrangpura","saffron","Saffron","UK6","0"
"8","2026-04-14","navrangpura","Navrangpura","saffron","Saffron","UK7","0"
"8","2026-04-14","navrangpura","Navrangpura","saffron","Saffron","UK8","0"
"8","2026-04-14","navrangpura","Navrangpura","saffron","Saffron","UK9","1"
"8","2026-04-14","navrangpura","Navrangpura","saffron","Saffron","UK10","0"
"8","2026-04-14","navrangpura","Navrangpura","saffron","Saffron","UK11","0"
"8","2026-04-14","lakeshore","Lakeshore Mall","madagascar","Madagascar","UK6","0"
"8","2026-04-14","lakeshore","Lakeshore Mall","madagascar","Madagascar","UK7","1"
"8","2026-04-14","lakeshore","Lakeshore Mall","madagascar","Madagascar","UK8","1"
"8","2026-04-14","lakeshore","Lakeshore Mall","madagascar","Madagascar","UK9","1"
"8","2026-04-14","lakeshore","Lakeshore Mall","madagascar","Madagascar","UK10","1"
"8","2026-04-14","lakeshore","Lakeshore Mall","madagascar","Madagascar","UK11","1"
"8","2026-04-14","lakeshore","Lakeshore Mall","mango-chilli","Mango Chilli","UK6","0"
"8","2026-04-14","lakeshore","Lakeshore Mall","mango-chilli","Mango Chilli","UK7","0"
"8","2026-04-14","lakeshore","Lakeshore Mall","mango-chilli","Mango Chilli","UK8","1"
"8","2026-04-14","lakeshore","Lakeshore Mall","mango-chilli","Mango Chilli","UK9","1"
"8","2026-04-14","lakeshore","Lakeshore Mall","mango-chilli","Mango Chilli","UK10","0"
"8","2026-04-14","lakeshore","Lakeshore Mall","mango-chilli","Mango Chilli","UK11","0"
"8","2026-04-14","lakeshore","Lakeshore Mall","chestnut","Chestnut","UK6","0"
"8","2026-04-14","lakeshore","Lakeshore Mall","chestnut","Chestnut","UK7","0"
"8","2026-04-14","lakeshore","Lakeshore Mall","chestnut","Chestnut","UK8","1"
"8","2026-04-14","lakeshore","Lakeshore Mall","chestnut","Chestnut","UK9","1"
"8","2026-04-14","lakeshore","Lakeshore Mall","chestnut","Chestnut","UK10","0"
"8","2026-04-14","lakeshore","Lakeshore Mall","chestnut","Chestnut","UK11","0"
"8","2026-04-14","lakeshore","Lakeshore Mall","neptune","Neptune","UK6","0"
"8","2026-04-14","lakeshore","Lakeshore Mall","neptune","Neptune","UK7","1"
"8","2026-04-14","lakeshore","Lakeshore Mall","neptune","Neptune","UK8","1"
"8","2026-04-14","lakeshore","Lakeshore Mall","neptune","Neptune","UK9","0"
"8","2026-04-14","lakeshore","Lakeshore Mall","neptune","Neptune","UK10","0"
"8","2026-04-14","lakeshore","Lakeshore Mall","neptune","Neptune","UK11","0"
"8","2026-04-14","lakeshore","Lakeshore Mall","saffron","Saffron","UK6","0"
"8","2026-04-14","lakeshore","Lakeshore Mall","saffron","Saffron","UK7","0"
"8","2026-04-14","lakeshore","Lakeshore Mall","saffron","Saffron","UK8","0"
"8","2026-04-14","lakeshore","Lakeshore Mall","saffron","Saffron","UK9","0"
"8","2026-04-14","lakeshore","Lakeshore Mall","saffron","Saffron","UK10","0"
"8","2026-04-14","lakeshore","Lakeshore Mall","saffron","Saffron","UK11","0"
"8","2026-04-14","sarath-city","Sarath City","madagascar","Madagascar","UK6","0"
"8","2026-04-14","sarath-city","Sarath City","madagascar","Madagascar","UK7","1"
"8","2026-04-14","sarath-city","Sarath City","madagascar","Madagascar","UK8","1"
"8","2026-04-14","sarath-city","Sarath City","madagascar","Madagascar","UK9","1"
"8","2026-04-14","sarath-city","Sarath City","madagascar","Madagascar","UK10","1"
"8","2026-04-14","sarath-city","Sarath City","madagascar","Madagascar","UK11","0"
"8","2026-04-14","sarath-city","Sarath City","mango-chilli","Mango Chilli","UK6","1"
"8","2026-04-14","sarath-city","Sarath City","mango-chilli","Mango Chilli","UK7","1"
"8","2026-04-14","sarath-city","Sarath City","mango-chilli","Mango Chilli","UK8","2"
"8","2026-04-14","sarath-city","Sarath City","mango-chilli","Mango Chilli","UK9","1"
"8","2026-04-14","sarath-city","Sarath City","mango-chilli","Mango Chilli","UK10","1"
"8","2026-04-14","sarath-city","Sarath City","mango-chilli","Mango Chilli","UK11","1"
"8","2026-04-14","sarath-city","Sarath City","chestnut","Chestnut","UK6","0"
"8","2026-04-14","sarath-city","Sarath City","chestnut","Chestnut","UK7","1"
"8","2026-04-14","sarath-city","Sarath City","chestnut","Chestnut","UK8","1"
"8","2026-04-14","sarath-city","Sarath City","chestnut","Chestnut","UK9","1"
"8","2026-04-14","sarath-city","Sarath City","chestnut","Chestnut","UK10","0"
"8","2026-04-14","sarath-city","Sarath City","chestnut","Chestnut","UK11","1"
"8","2026-04-14","sarath-city","Sarath City","neptune","Neptune","UK6","0"
"8","2026-04-14","sarath-city","Sarath City","neptune","Neptune","UK7","0"
"8","2026-04-14","sarath-city","Sarath City","neptune","Neptune","UK8","1"
"8","2026-04-14","sarath-city","Sarath City","neptune","Neptune","UK9","1"
"8","2026-04-14","sarath-city","Sarath City","neptune","Neptune","UK10","0"
"8","2026-04-14","sarath-city","Sarath City","neptune","Neptune","UK11","0"
"8","2026-04-14","sarath-city","Sarath City","saffron","Saffron","UK6","0"
"8","2026-04-14","sarath-city","Sarath City","saffron","Saffron","UK7","0"
"8","2026-04-14","sarath-city","Sarath City","saffron","Saffron","UK8","0"
"8","2026-04-14","sarath-city","Sarath City","saffron","Saffron","UK9","0"
"8","2026-04-14","sarath-city","Sarath City","saffron","Saffron","UK10","0"
"8","2026-04-14","sarath-city","Sarath City","saffron","Saffron","UK11","0"
"9","2026-04-21","indiranagar","Indiranagar","madagascar","Madagascar","UK6","0"
"9","2026-04-21","indiranagar","Indiranagar","madagascar","Madagascar","UK7","1"
"9","2026-04-21","indiranagar","Indiranagar","madagascar","Madagascar","UK8","3"
"9","2026-04-21","indiranagar","Indiranagar","madagascar","Madagascar","UK9","2"
"9","2026-04-21","indiranagar","Indiranagar","madagascar","Madagascar","UK10","1"
"9","2026-04-21","indiranagar","Indiranagar","madagascar","Madagascar","UK11","1"
"9","2026-04-21","indiranagar","Indiranagar","mango-chilli","Mango Chilli","UK6","0"
"9","2026-04-21","indiranagar","Indiranagar","mango-chilli","Mango Chilli","UK7","1"
"9","2026-04-21","indiranagar","Indiranagar","mango-chilli","Mango Chilli","UK8","2"
"9","2026-04-21","indiranagar","Indiranagar","mango-chilli","Mango Chilli","UK9","1"
"9","2026-04-21","indiranagar","Indiranagar","mango-chilli","Mango Chilli","UK10","1"
"9","2026-04-21","indiranagar","Indiranagar","mango-chilli","Mango Chilli","UK11","1"
"9","2026-04-21","indiranagar","Indiranagar","chestnut","Chestnut","UK6","0"
"9","2026-04-21","indiranagar","Indiranagar","chestnut","Chestnut","UK7","1"
"9","2026-04-21","indiranagar","Indiranagar","chestnut","Chestnut","UK8","1"
"9","2026-04-21","indiranagar","Indiranagar","chestnut","Chestnut","UK9","1"
"9","2026-04-21","indiranagar","Indiranagar","chestnut","Chestnut","UK10","0"
"9","2026-04-21","indiranagar","Indiranagar","chestnut","Chestnut","UK11","1"
"9","2026-04-21","indiranagar","Indiranagar","neptune","Neptune","UK6","0"
"9","2026-04-21","indiranagar","Indiranagar","neptune","Neptune","UK7","1"
"9","2026-04-21","indiranagar","Indiranagar","neptune","Neptune","UK8","1"
"9","2026-04-21","indiranagar","Indiranagar","neptune","Neptune","UK9","1"
"9","2026-04-21","indiranagar","Indiranagar","neptune","Neptune","UK10","1"
"9","2026-04-21","indiranagar","Indiranagar","neptune","Neptune","UK11","1"
"9","2026-04-21","indiranagar","Indiranagar","saffron","Saffron","UK6","0"
"9","2026-04-21","indiranagar","Indiranagar","saffron","Saffron","UK7","1"
"9","2026-04-21","indiranagar","Indiranagar","saffron","Saffron","UK8","1"
"9","2026-04-21","indiranagar","Indiranagar","saffron","Saffron","UK9","1"
"9","2026-04-21","indiranagar","Indiranagar","saffron","Saffron","UK10","1"
"9","2026-04-21","indiranagar","Indiranagar","saffron","Saffron","UK11","0"
"9","2026-04-21","vasant-vihar","Vasant Vihar","madagascar","Madagascar","UK6","0"
"9","2026-04-21","vasant-vihar","Vasant Vihar","madagascar","Madagascar","UK7","1"
"9","2026-04-21","vasant-vihar","Vasant Vihar","madagascar","Madagascar","UK8","2"
"9","2026-04-21","vasant-vihar","Vasant Vihar","madagascar","Madagascar","UK9","2"
"9","2026-04-21","vasant-vihar","Vasant Vihar","madagascar","Madagascar","UK10","1"
"9","2026-04-21","vasant-vihar","Vasant Vihar","madagascar","Madagascar","UK11","1"
"9","2026-04-21","vasant-vihar","Vasant Vihar","mango-chilli","Mango Chilli","UK6","1"
"9","2026-04-21","vasant-vihar","Vasant Vihar","mango-chilli","Mango Chilli","UK7","1"
"9","2026-04-21","vasant-vihar","Vasant Vihar","mango-chilli","Mango Chilli","UK8","1"
"9","2026-04-21","vasant-vihar","Vasant Vihar","mango-chilli","Mango Chilli","UK9","1"
"9","2026-04-21","vasant-vihar","Vasant Vihar","mango-chilli","Mango Chilli","UK10","1"
"9","2026-04-21","vasant-vihar","Vasant Vihar","mango-chilli","Mango Chilli","UK11","0"
"9","2026-04-21","vasant-vihar","Vasant Vihar","chestnut","Chestnut","UK6","0"
"9","2026-04-21","vasant-vihar","Vasant Vihar","chestnut","Chestnut","UK7","1"
"9","2026-04-21","vasant-vihar","Vasant Vihar","chestnut","Chestnut","UK8","1"
"9","2026-04-21","vasant-vihar","Vasant Vihar","chestnut","Chestnut","UK9","1"
"9","2026-04-21","vasant-vihar","Vasant Vihar","chestnut","Chestnut","UK10","0"
"9","2026-04-21","vasant-vihar","Vasant Vihar","chestnut","Chestnut","UK11","1"
"9","2026-04-21","vasant-vihar","Vasant Vihar","neptune","Neptune","UK6","0"
"9","2026-04-21","vasant-vihar","Vasant Vihar","neptune","Neptune","UK7","0"
"9","2026-04-21","vasant-vihar","Vasant Vihar","neptune","Neptune","UK8","0"
"9","2026-04-21","vasant-vihar","Vasant Vihar","neptune","Neptune","UK9","1"
"9","2026-04-21","vasant-vihar","Vasant Vihar","neptune","Neptune","UK10","0"
"9","2026-04-21","vasant-vihar","Vasant Vihar","neptune","Neptune","UK11","0"
"9","2026-04-21","vasant-vihar","Vasant Vihar","saffron","Saffron","UK6","1"
"9","2026-04-21","vasant-vihar","Vasant Vihar","saffron","Saffron","UK7","0"
"9","2026-04-21","vasant-vihar","Vasant Vihar","saffron","Saffron","UK8","1"
"9","2026-04-21","vasant-vihar","Vasant Vihar","saffron","Saffron","UK9","1"
"9","2026-04-21","vasant-vihar","Vasant Vihar","saffron","Saffron","UK10","1"
"9","2026-04-21","vasant-vihar","Vasant Vihar","saffron","Saffron","UK11","0"
"9","2026-04-21","navrangpura","Navrangpura","madagascar","Madagascar","UK6","0"
"9","2026-04-21","navrangpura","Navrangpura","madagascar","Madagascar","UK7","0"
"9","2026-04-21","navrangpura","Navrangpura","madagascar","Madagascar","UK8","1"
"9","2026-04-21","navrangpura","Navrangpura","madagascar","Madagascar","UK9","1"
"9","2026-04-21","navrangpura","Navrangpura","madagascar","Madagascar","UK10","1"
"9","2026-04-21","navrangpura","Navrangpura","madagascar","Madagascar","UK11","1"
"9","2026-04-21","navrangpura","Navrangpura","mango-chilli","Mango Chilli","UK6","1"
"9","2026-04-21","navrangpura","Navrangpura","mango-chilli","Mango Chilli","UK7","0"
"9","2026-04-21","navrangpura","Navrangpura","mango-chilli","Mango Chilli","UK8","1"
"9","2026-04-21","navrangpura","Navrangpura","mango-chilli","Mango Chilli","UK9","1"
"9","2026-04-21","navrangpura","Navrangpura","mango-chilli","Mango Chilli","UK10","0"
"9","2026-04-21","navrangpura","Navrangpura","mango-chilli","Mango Chilli","UK11","1"
"9","2026-04-21","navrangpura","Navrangpura","chestnut","Chestnut","UK6","0"
"9","2026-04-21","navrangpura","Navrangpura","chestnut","Chestnut","UK7","1"
"9","2026-04-21","navrangpura","Navrangpura","chestnut","Chestnut","UK8","1"
"9","2026-04-21","navrangpura","Navrangpura","chestnut","Chestnut","UK9","1"
"9","2026-04-21","navrangpura","Navrangpura","chestnut","Chestnut","UK10","0"
"9","2026-04-21","navrangpura","Navrangpura","chestnut","Chestnut","UK11","0"
"9","2026-04-21","navrangpura","Navrangpura","neptune","Neptune","UK6","1"
"9","2026-04-21","navrangpura","Navrangpura","neptune","Neptune","UK7","1"
"9","2026-04-21","navrangpura","Navrangpura","neptune","Neptune","UK8","1"
"9","2026-04-21","navrangpura","Navrangpura","neptune","Neptune","UK9","0"
"9","2026-04-21","navrangpura","Navrangpura","neptune","Neptune","UK10","0"
"9","2026-04-21","navrangpura","Navrangpura","neptune","Neptune","UK11","0"
"9","2026-04-21","navrangpura","Navrangpura","saffron","Saffron","UK6","0"
"9","2026-04-21","navrangpura","Navrangpura","saffron","Saffron","UK7","0"
"9","2026-04-21","navrangpura","Navrangpura","saffron","Saffron","UK8","1"
"9","2026-04-21","navrangpura","Navrangpura","saffron","Saffron","UK9","1"
"9","2026-04-21","navrangpura","Navrangpura","saffron","Saffron","UK10","0"
"9","2026-04-21","navrangpura","Navrangpura","saffron","Saffron","UK11","1"
"9","2026-04-21","lakeshore","Lakeshore Mall","madagascar","Madagascar","UK6","1"
"9","2026-04-21","lakeshore","Lakeshore Mall","madagascar","Madagascar","UK7","1"
"9","2026-04-21","lakeshore","Lakeshore Mall","madagascar","Madagascar","UK8","1"
"9","2026-04-21","lakeshore","Lakeshore Mall","madagascar","Madagascar","UK9","1"
"9","2026-04-21","lakeshore","Lakeshore Mall","madagascar","Madagascar","UK10","1"
"9","2026-04-21","lakeshore","Lakeshore Mall","madagascar","Madagascar","UK11","0"
"9","2026-04-21","lakeshore","Lakeshore Mall","mango-chilli","Mango Chilli","UK6","0"
"9","2026-04-21","lakeshore","Lakeshore Mall","mango-chilli","Mango Chilli","UK7","1"
"9","2026-04-21","lakeshore","Lakeshore Mall","mango-chilli","Mango Chilli","UK8","1"
"9","2026-04-21","lakeshore","Lakeshore Mall","mango-chilli","Mango Chilli","UK9","1"
"9","2026-04-21","lakeshore","Lakeshore Mall","mango-chilli","Mango Chilli","UK10","1"
"9","2026-04-21","lakeshore","Lakeshore Mall","mango-chilli","Mango Chilli","UK11","1"
"9","2026-04-21","lakeshore","Lakeshore Mall","chestnut","Chestnut","UK6","0"
"9","2026-04-21","lakeshore","Lakeshore Mall","chestnut","Chestnut","UK7","1"
"9","2026-04-21","lakeshore","Lakeshore Mall","chestnut","Chestnut","UK8","1"
"9","2026-04-21","lakeshore","Lakeshore Mall","chestnut","Chestnut","UK9","1"
"9","2026-04-21","lakeshore","Lakeshore Mall","chestnut","Chestnut","UK10","0"
"9","2026-04-21","lakeshore","Lakeshore Mall","chestnut","Chestnut","UK11","1"
"9","2026-04-21","lakeshore","Lakeshore Mall","neptune","Neptune","UK6","1"
"9","2026-04-21","lakeshore","Lakeshore Mall","neptune","Neptune","UK7","1"
"9","2026-04-21","lakeshore","Lakeshore Mall","neptune","Neptune","UK8","0"
"9","2026-04-21","lakeshore","Lakeshore Mall","neptune","Neptune","UK9","0"
"9","2026-04-21","lakeshore","Lakeshore Mall","neptune","Neptune","UK10","0"
"9","2026-04-21","lakeshore","Lakeshore Mall","neptune","Neptune","UK11","0"
"9","2026-04-21","lakeshore","Lakeshore Mall","saffron","Saffron","UK6","0"
"9","2026-04-21","lakeshore","Lakeshore Mall","saffron","Saffron","UK7","1"
"9","2026-04-21","lakeshore","Lakeshore Mall","saffron","Saffron","UK8","1"
"9","2026-04-21","lakeshore","Lakeshore Mall","saffron","Saffron","UK9","1"
"9","2026-04-21","lakeshore","Lakeshore Mall","saffron","Saffron","UK10","0"
"9","2026-04-21","lakeshore","Lakeshore Mall","saffron","Saffron","UK11","1"
"9","2026-04-21","sarath-city","Sarath City","madagascar","Madagascar","UK6","1"
"9","2026-04-21","sarath-city","Sarath City","madagascar","Madagascar","UK7","1"
"9","2026-04-21","sarath-city","Sarath City","madagascar","Madagascar","UK8","1"
"9","2026-04-21","sarath-city","Sarath City","madagascar","Madagascar","UK9","1"
"9","2026-04-21","sarath-city","Sarath City","madagascar","Madagascar","UK10","1"
"9","2026-04-21","sarath-city","Sarath City","madagascar","Madagascar","UK11","1"
"9","2026-04-21","sarath-city","Sarath City","mango-chilli","Mango Chilli","UK6","0"
"9","2026-04-21","sarath-city","Sarath City","mango-chilli","Mango Chilli","UK7","1"
"9","2026-04-21","sarath-city","Sarath City","mango-chilli","Mango Chilli","UK8","1"
"9","2026-04-21","sarath-city","Sarath City","mango-chilli","Mango Chilli","UK9","1"
"9","2026-04-21","sarath-city","Sarath City","mango-chilli","Mango Chilli","UK10","0"
"9","2026-04-21","sarath-city","Sarath City","mango-chilli","Mango Chilli","UK11","0"
"9","2026-04-21","sarath-city","Sarath City","chestnut","Chestnut","UK6","0"
"9","2026-04-21","sarath-city","Sarath City","chestnut","Chestnut","UK7","1"
"9","2026-04-21","sarath-city","Sarath City","chestnut","Chestnut","UK8","1"
"9","2026-04-21","sarath-city","Sarath City","chestnut","Chestnut","UK9","1"
"9","2026-04-21","sarath-city","Sarath City","chestnut","Chestnut","UK10","1"
"9","2026-04-21","sarath-city","Sarath City","chestnut","Chestnut","UK11","0"
"9","2026-04-21","sarath-city","Sarath City","neptune","Neptune","UK6","0"
"9","2026-04-21","sarath-city","Sarath City","neptune","Neptune","UK7","1"
"9","2026-04-21","sarath-city","Sarath City","neptune","Neptune","UK8","1"
"9","2026-04-21","sarath-city","Sarath City","neptune","Neptune","UK9","1"
"9","2026-04-21","sarath-city","Sarath City","neptune","Neptune","UK10","0"
"9","2026-04-21","sarath-city","Sarath City","neptune","Neptune","UK11","0"
"9","2026-04-21","sarath-city","Sarath City","saffron","Saffron","UK6","0"
"9","2026-04-21","sarath-city","Sarath City","saffron","Saffron","UK7","0"
"9","2026-04-21","sarath-city","Sarath City","saffron","Saffron","UK8","1"
"9","2026-04-21","sarath-city","Sarath City","saffron","Saffron","UK9","1"
"9","2026-04-21","sarath-city","Sarath City","saffron","Saffron","UK10","0"
"9","2026-04-21","sarath-city","Sarath City","saffron","Saffron","UK11","1"
"10","2026-04-28","indiranagar","Indiranagar","madagascar","Madagascar","UK6","1"
"10","2026-04-28","indiranagar","Indiranagar","madagascar","Madagascar","UK7","1"
"10","2026-04-28","indiranagar","Indiranagar","madagascar","Madagascar","UK8","3"
"10","2026-04-28","indiranagar","Indiranagar","madagascar","Madagascar","UK9","3"
"10","2026-04-28","indiranagar","Indiranagar","madagascar","Madagascar","UK10","1"
"10","2026-04-28","indiranagar","Indiranagar","madagascar","Madagascar","UK11","1"
"10","2026-04-28","indiranagar","Indiranagar","mango-chilli","Mango Chilli","UK6","1"
"10","2026-04-28","indiranagar","Indiranagar","mango-chilli","Mango Chilli","UK7","1"
"10","2026-04-28","indiranagar","Indiranagar","mango-chilli","Mango Chilli","UK8","1"
"10","2026-04-28","indiranagar","Indiranagar","mango-chilli","Mango Chilli","UK9","1"
"10","2026-04-28","indiranagar","Indiranagar","mango-chilli","Mango Chilli","UK10","1"
"10","2026-04-28","indiranagar","Indiranagar","mango-chilli","Mango Chilli","UK11","0"
"10","2026-04-28","indiranagar","Indiranagar","chestnut","Chestnut","UK6","0"
"10","2026-04-28","indiranagar","Indiranagar","chestnut","Chestnut","UK7","1"
"10","2026-04-28","indiranagar","Indiranagar","chestnut","Chestnut","UK8","1"
"10","2026-04-28","indiranagar","Indiranagar","chestnut","Chestnut","UK9","1"
"10","2026-04-28","indiranagar","Indiranagar","chestnut","Chestnut","UK10","0"
"10","2026-04-28","indiranagar","Indiranagar","chestnut","Chestnut","UK11","0"
"10","2026-04-28","indiranagar","Indiranagar","neptune","Neptune","UK6","0"
"10","2026-04-28","indiranagar","Indiranagar","neptune","Neptune","UK7","1"
"10","2026-04-28","indiranagar","Indiranagar","neptune","Neptune","UK8","1"
"10","2026-04-28","indiranagar","Indiranagar","neptune","Neptune","UK9","1"
"10","2026-04-28","indiranagar","Indiranagar","neptune","Neptune","UK10","1"
"10","2026-04-28","indiranagar","Indiranagar","neptune","Neptune","UK11","0"
"10","2026-04-28","indiranagar","Indiranagar","saffron","Saffron","UK6","0"
"10","2026-04-28","indiranagar","Indiranagar","saffron","Saffron","UK7","1"
"10","2026-04-28","indiranagar","Indiranagar","saffron","Saffron","UK8","2"
"10","2026-04-28","indiranagar","Indiranagar","saffron","Saffron","UK9","3"
"10","2026-04-28","indiranagar","Indiranagar","saffron","Saffron","UK10","1"
"10","2026-04-28","indiranagar","Indiranagar","saffron","Saffron","UK11","1"
"10","2026-04-28","vasant-vihar","Vasant Vihar","madagascar","Madagascar","UK6","0"
"10","2026-04-28","vasant-vihar","Vasant Vihar","madagascar","Madagascar","UK7","1"
"10","2026-04-28","vasant-vihar","Vasant Vihar","madagascar","Madagascar","UK8","2"
"10","2026-04-28","vasant-vihar","Vasant Vihar","madagascar","Madagascar","UK9","2"
"10","2026-04-28","vasant-vihar","Vasant Vihar","madagascar","Madagascar","UK10","1"
"10","2026-04-28","vasant-vihar","Vasant Vihar","madagascar","Madagascar","UK11","0"
"10","2026-04-28","vasant-vihar","Vasant Vihar","mango-chilli","Mango Chilli","UK6","0"
"10","2026-04-28","vasant-vihar","Vasant Vihar","mango-chilli","Mango Chilli","UK7","1"
"10","2026-04-28","vasant-vihar","Vasant Vihar","mango-chilli","Mango Chilli","UK8","1"
"10","2026-04-28","vasant-vihar","Vasant Vihar","mango-chilli","Mango Chilli","UK9","1"
"10","2026-04-28","vasant-vihar","Vasant Vihar","mango-chilli","Mango Chilli","UK10","1"
"10","2026-04-28","vasant-vihar","Vasant Vihar","mango-chilli","Mango Chilli","UK11","1"
"10","2026-04-28","vasant-vihar","Vasant Vihar","chestnut","Chestnut","UK6","0"
"10","2026-04-28","vasant-vihar","Vasant Vihar","chestnut","Chestnut","UK7","0"
"10","2026-04-28","vasant-vihar","Vasant Vihar","chestnut","Chestnut","UK8","1"
"10","2026-04-28","vasant-vihar","Vasant Vihar","chestnut","Chestnut","UK9","1"
"10","2026-04-28","vasant-vihar","Vasant Vihar","chestnut","Chestnut","UK10","1"
"10","2026-04-28","vasant-vihar","Vasant Vihar","chestnut","Chestnut","UK11","0"
"10","2026-04-28","vasant-vihar","Vasant Vihar","neptune","Neptune","UK6","1"
"10","2026-04-28","vasant-vihar","Vasant Vihar","neptune","Neptune","UK7","0"
"10","2026-04-28","vasant-vihar","Vasant Vihar","neptune","Neptune","UK8","1"
"10","2026-04-28","vasant-vihar","Vasant Vihar","neptune","Neptune","UK9","1"
"10","2026-04-28","vasant-vihar","Vasant Vihar","neptune","Neptune","UK10","0"
"10","2026-04-28","vasant-vihar","Vasant Vihar","neptune","Neptune","UK11","0"
"10","2026-04-28","vasant-vihar","Vasant Vihar","saffron","Saffron","UK6","1"
"10","2026-04-28","vasant-vihar","Vasant Vihar","saffron","Saffron","UK7","1"
"10","2026-04-28","vasant-vihar","Vasant Vihar","saffron","Saffron","UK8","1"
"10","2026-04-28","vasant-vihar","Vasant Vihar","saffron","Saffron","UK9","1"
"10","2026-04-28","vasant-vihar","Vasant Vihar","saffron","Saffron","UK10","1"
"10","2026-04-28","vasant-vihar","Vasant Vihar","saffron","Saffron","UK11","0"
"10","2026-04-28","navrangpura","Navrangpura","madagascar","Madagascar","UK6","0"
"10","2026-04-28","navrangpura","Navrangpura","madagascar","Madagascar","UK7","1"
"10","2026-04-28","navrangpura","Navrangpura","madagascar","Madagascar","UK8","1"
"10","2026-04-28","navrangpura","Navrangpura","madagascar","Madagascar","UK9","1"
"10","2026-04-28","navrangpura","Navrangpura","madagascar","Madagascar","UK10","1"
"10","2026-04-28","navrangpura","Navrangpura","madagascar","Madagascar","UK11","1"
"10","2026-04-28","navrangpura","Navrangpura","mango-chilli","Mango Chilli","UK6","0"
"10","2026-04-28","navrangpura","Navrangpura","mango-chilli","Mango Chilli","UK7","0"
"10","2026-04-28","navrangpura","Navrangpura","mango-chilli","Mango Chilli","UK8","1"
"10","2026-04-28","navrangpura","Navrangpura","mango-chilli","Mango Chilli","UK9","1"
"10","2026-04-28","navrangpura","Navrangpura","mango-chilli","Mango Chilli","UK10","0"
"10","2026-04-28","navrangpura","Navrangpura","mango-chilli","Mango Chilli","UK11","0"
"10","2026-04-28","navrangpura","Navrangpura","chestnut","Chestnut","UK6","0"
"10","2026-04-28","navrangpura","Navrangpura","chestnut","Chestnut","UK7","1"
"10","2026-04-28","navrangpura","Navrangpura","chestnut","Chestnut","UK8","1"
"10","2026-04-28","navrangpura","Navrangpura","chestnut","Chestnut","UK9","1"
"10","2026-04-28","navrangpura","Navrangpura","chestnut","Chestnut","UK10","1"
"10","2026-04-28","navrangpura","Navrangpura","chestnut","Chestnut","UK11","0"
"10","2026-04-28","navrangpura","Navrangpura","neptune","Neptune","UK6","0"
"10","2026-04-28","navrangpura","Navrangpura","neptune","Neptune","UK7","0"
"10","2026-04-28","navrangpura","Navrangpura","neptune","Neptune","UK8","1"
"10","2026-04-28","navrangpura","Navrangpura","neptune","Neptune","UK9","1"
"10","2026-04-28","navrangpura","Navrangpura","neptune","Neptune","UK10","1"
"10","2026-04-28","navrangpura","Navrangpura","neptune","Neptune","UK11","0"
"10","2026-04-28","navrangpura","Navrangpura","saffron","Saffron","UK6","0"
"10","2026-04-28","navrangpura","Navrangpura","saffron","Saffron","UK7","0"
"10","2026-04-28","navrangpura","Navrangpura","saffron","Saffron","UK8","1"
"10","2026-04-28","navrangpura","Navrangpura","saffron","Saffron","UK9","1"
"10","2026-04-28","navrangpura","Navrangpura","saffron","Saffron","UK10","0"
"10","2026-04-28","navrangpura","Navrangpura","saffron","Saffron","UK11","0"
"10","2026-04-28","lakeshore","Lakeshore Mall","madagascar","Madagascar","UK6","0"
"10","2026-04-28","lakeshore","Lakeshore Mall","madagascar","Madagascar","UK7","1"
"10","2026-04-28","lakeshore","Lakeshore Mall","madagascar","Madagascar","UK8","1"
"10","2026-04-28","lakeshore","Lakeshore Mall","madagascar","Madagascar","UK9","1"
"10","2026-04-28","lakeshore","Lakeshore Mall","madagascar","Madagascar","UK10","0"
"10","2026-04-28","lakeshore","Lakeshore Mall","madagascar","Madagascar","UK11","0"
"10","2026-04-28","lakeshore","Lakeshore Mall","mango-chilli","Mango Chilli","UK6","1"
"10","2026-04-28","lakeshore","Lakeshore Mall","mango-chilli","Mango Chilli","UK7","1"
"10","2026-04-28","lakeshore","Lakeshore Mall","mango-chilli","Mango Chilli","UK8","1"
"10","2026-04-28","lakeshore","Lakeshore Mall","mango-chilli","Mango Chilli","UK9","1"
"10","2026-04-28","lakeshore","Lakeshore Mall","mango-chilli","Mango Chilli","UK10","0"
"10","2026-04-28","lakeshore","Lakeshore Mall","mango-chilli","Mango Chilli","UK11","1"
"10","2026-04-28","lakeshore","Lakeshore Mall","chestnut","Chestnut","UK6","1"
"10","2026-04-28","lakeshore","Lakeshore Mall","chestnut","Chestnut","UK7","0"
"10","2026-04-28","lakeshore","Lakeshore Mall","chestnut","Chestnut","UK8","1"
"10","2026-04-28","lakeshore","Lakeshore Mall","chestnut","Chestnut","UK9","1"
"10","2026-04-28","lakeshore","Lakeshore Mall","chestnut","Chestnut","UK10","0"
"10","2026-04-28","lakeshore","Lakeshore Mall","chestnut","Chestnut","UK11","0"
"10","2026-04-28","lakeshore","Lakeshore Mall","neptune","Neptune","UK6","1"
"10","2026-04-28","lakeshore","Lakeshore Mall","neptune","Neptune","UK7","1"
"10","2026-04-28","lakeshore","Lakeshore Mall","neptune","Neptune","UK8","1"
"10","2026-04-28","lakeshore","Lakeshore Mall","neptune","Neptune","UK9","1"
"10","2026-04-28","lakeshore","Lakeshore Mall","neptune","Neptune","UK10","0"
"10","2026-04-28","lakeshore","Lakeshore Mall","neptune","Neptune","UK11","0"
"10","2026-04-28","lakeshore","Lakeshore Mall","saffron","Saffron","UK6","0"
"10","2026-04-28","lakeshore","Lakeshore Mall","saffron","Saffron","UK7","1"
"10","2026-04-28","lakeshore","Lakeshore Mall","saffron","Saffron","UK8","1"
"10","2026-04-28","lakeshore","Lakeshore Mall","saffron","Saffron","UK9","1"
"10","2026-04-28","lakeshore","Lakeshore Mall","saffron","Saffron","UK10","0"
"10","2026-04-28","lakeshore","Lakeshore Mall","saffron","Saffron","UK11","0"
"10","2026-04-28","sarath-city","Sarath City","madagascar","Madagascar","UK6","0"
"10","2026-04-28","sarath-city","Sarath City","madagascar","Madagascar","UK7","1"
"10","2026-04-28","sarath-city","Sarath City","madagascar","Madagascar","UK8","1"
"10","2026-04-28","sarath-city","Sarath City","madagascar","Madagascar","UK9","1"
"10","2026-04-28","sarath-city","Sarath City","madagascar","Madagascar","UK10","1"
"10","2026-04-28","sarath-city","Sarath City","madagascar","Madagascar","UK11","1"
"10","2026-04-28","sarath-city","Sarath City","mango-chilli","Mango Chilli","UK6","0"
"10","2026-04-28","sarath-city","Sarath City","mango-chilli","Mango Chilli","UK7","1"
"10","2026-04-28","sarath-city","Sarath City","mango-chilli","Mango Chilli","UK8","1"
"10","2026-04-28","sarath-city","Sarath City","mango-chilli","Mango Chilli","UK9","1"
"10","2026-04-28","sarath-city","Sarath City","mango-chilli","Mango Chilli","UK10","1"
"10","2026-04-28","sarath-city","Sarath City","mango-chilli","Mango Chilli","UK11","0"
"10","2026-04-28","sarath-city","Sarath City","chestnut","Chestnut","UK6","0"
"10","2026-04-28","sarath-city","Sarath City","chestnut","Chestnut","UK7","0"
"10","2026-04-28","sarath-city","Sarath City","chestnut","Chestnut","UK8","1"
"10","2026-04-28","sarath-city","Sarath City","chestnut","Chestnut","UK9","1"
"10","2026-04-28","sarath-city","Sarath City","chestnut","Chestnut","UK10","0"
"10","2026-04-28","sarath-city","Sarath City","chestnut","Chestnut","UK11","0"
"10","2026-04-28","sarath-city","Sarath City","neptune","Neptune","UK6","0"
"10","2026-04-28","sarath-city","Sarath City","neptune","Neptune","UK7","0"
"10","2026-04-28","sarath-city","Sarath City","neptune","Neptune","UK8","1"
"10","2026-04-28","sarath-city","Sarath City","neptune","Neptune","UK9","1"
"10","2026-04-28","sarath-city","Sarath City","neptune","Neptune","UK10","1"
"10","2026-04-28","sarath-city","Sarath City","neptune","Neptune","UK11","0"
"10","2026-04-28","sarath-city","Sarath City","saffron","Saffron","UK6","1"
"10","2026-04-28","sarath-city","Sarath City","saffron","Saffron","UK7","1"
"10","2026-04-28","sarath-city","Sarath City","saffron","Saffron","UK8","1"
"10","2026-04-28","sarath-city","Sarath City","saffron","Saffron","UK9","1"
"10","2026-04-28","sarath-city","Sarath City","saffron","Saffron","UK10","1"
"10","2026-04-28","sarath-city","Sarath City","saffron","Saffron","UK11","0"
"11","2026-05-05","indiranagar","Indiranagar","madagascar","Madagascar","UK6","0"
"11","2026-05-05","indiranagar","Indiranagar","madagascar","Madagascar","UK7","1"
"11","2026-05-05","indiranagar","Indiranagar","madagascar","Madagascar","UK8","3"
"11","2026-05-05","indiranagar","Indiranagar","madagascar","Madagascar","UK9","2"
"11","2026-05-05","indiranagar","Indiranagar","madagascar","Madagascar","UK10","1"
"11","2026-05-05","indiranagar","Indiranagar","madagascar","Madagascar","UK11","1"
"11","2026-05-05","indiranagar","Indiranagar","mango-chilli","Mango Chilli","UK6","0"
"11","2026-05-05","indiranagar","Indiranagar","mango-chilli","Mango Chilli","UK7","1"
"11","2026-05-05","indiranagar","Indiranagar","mango-chilli","Mango Chilli","UK8","1"
"11","2026-05-05","indiranagar","Indiranagar","mango-chilli","Mango Chilli","UK9","1"
"11","2026-05-05","indiranagar","Indiranagar","mango-chilli","Mango Chilli","UK10","0"
"11","2026-05-05","indiranagar","Indiranagar","mango-chilli","Mango Chilli","UK11","1"
"11","2026-05-05","indiranagar","Indiranagar","chestnut","Chestnut","UK6","1"
"11","2026-05-05","indiranagar","Indiranagar","chestnut","Chestnut","UK7","1"
"11","2026-05-05","indiranagar","Indiranagar","chestnut","Chestnut","UK8","1"
"11","2026-05-05","indiranagar","Indiranagar","chestnut","Chestnut","UK9","1"
"11","2026-05-05","indiranagar","Indiranagar","chestnut","Chestnut","UK10","1"
"11","2026-05-05","indiranagar","Indiranagar","chestnut","Chestnut","UK11","1"
"11","2026-05-05","indiranagar","Indiranagar","neptune","Neptune","UK6","1"
"11","2026-05-05","indiranagar","Indiranagar","neptune","Neptune","UK7","0"
"11","2026-05-05","indiranagar","Indiranagar","neptune","Neptune","UK8","1"
"11","2026-05-05","indiranagar","Indiranagar","neptune","Neptune","UK9","1"
"11","2026-05-05","indiranagar","Indiranagar","neptune","Neptune","UK10","1"
"11","2026-05-05","indiranagar","Indiranagar","neptune","Neptune","UK11","0"
"11","2026-05-05","indiranagar","Indiranagar","saffron","Saffron","UK6","1"
"11","2026-05-05","indiranagar","Indiranagar","saffron","Saffron","UK7","1"
"11","2026-05-05","indiranagar","Indiranagar","saffron","Saffron","UK8","3"
"11","2026-05-05","indiranagar","Indiranagar","saffron","Saffron","UK9","2"
"11","2026-05-05","indiranagar","Indiranagar","saffron","Saffron","UK10","1"
"11","2026-05-05","indiranagar","Indiranagar","saffron","Saffron","UK11","1"
"11","2026-05-05","vasant-vihar","Vasant Vihar","madagascar","Madagascar","UK6","1"
"11","2026-05-05","vasant-vihar","Vasant Vihar","madagascar","Madagascar","UK7","1"
"11","2026-05-05","vasant-vihar","Vasant Vihar","madagascar","Madagascar","UK8","2"
"11","2026-05-05","vasant-vihar","Vasant Vihar","madagascar","Madagascar","UK9","2"
"11","2026-05-05","vasant-vihar","Vasant Vihar","madagascar","Madagascar","UK10","1"
"11","2026-05-05","vasant-vihar","Vasant Vihar","madagascar","Madagascar","UK11","1"
"11","2026-05-05","vasant-vihar","Vasant Vihar","mango-chilli","Mango Chilli","UK6","0"
"11","2026-05-05","vasant-vihar","Vasant Vihar","mango-chilli","Mango Chilli","UK7","1"
"11","2026-05-05","vasant-vihar","Vasant Vihar","mango-chilli","Mango Chilli","UK8","1"
"11","2026-05-05","vasant-vihar","Vasant Vihar","mango-chilli","Mango Chilli","UK9","1"
"11","2026-05-05","vasant-vihar","Vasant Vihar","mango-chilli","Mango Chilli","UK10","1"
"11","2026-05-05","vasant-vihar","Vasant Vihar","mango-chilli","Mango Chilli","UK11","0"
"11","2026-05-05","vasant-vihar","Vasant Vihar","chestnut","Chestnut","UK6","0"
"11","2026-05-05","vasant-vihar","Vasant Vihar","chestnut","Chestnut","UK7","0"
"11","2026-05-05","vasant-vihar","Vasant Vihar","chestnut","Chestnut","UK8","1"
"11","2026-05-05","vasant-vihar","Vasant Vihar","chestnut","Chestnut","UK9","1"
"11","2026-05-05","vasant-vihar","Vasant Vihar","chestnut","Chestnut","UK10","0"
"11","2026-05-05","vasant-vihar","Vasant Vihar","chestnut","Chestnut","UK11","1"
"11","2026-05-05","vasant-vihar","Vasant Vihar","neptune","Neptune","UK6","0"
"11","2026-05-05","vasant-vihar","Vasant Vihar","neptune","Neptune","UK7","0"
"11","2026-05-05","vasant-vihar","Vasant Vihar","neptune","Neptune","UK8","1"
"11","2026-05-05","vasant-vihar","Vasant Vihar","neptune","Neptune","UK9","1"
"11","2026-05-05","vasant-vihar","Vasant Vihar","neptune","Neptune","UK10","0"
"11","2026-05-05","vasant-vihar","Vasant Vihar","neptune","Neptune","UK11","0"
"11","2026-05-05","vasant-vihar","Vasant Vihar","saffron","Saffron","UK6","1"
"11","2026-05-05","vasant-vihar","Vasant Vihar","saffron","Saffron","UK7","1"
"11","2026-05-05","vasant-vihar","Vasant Vihar","saffron","Saffron","UK8","2"
"11","2026-05-05","vasant-vihar","Vasant Vihar","saffron","Saffron","UK9","1"
"11","2026-05-05","vasant-vihar","Vasant Vihar","saffron","Saffron","UK10","1"
"11","2026-05-05","vasant-vihar","Vasant Vihar","saffron","Saffron","UK11","1"
"11","2026-05-05","navrangpura","Navrangpura","madagascar","Madagascar","UK6","0"
"11","2026-05-05","navrangpura","Navrangpura","madagascar","Madagascar","UK7","1"
"11","2026-05-05","navrangpura","Navrangpura","madagascar","Madagascar","UK8","2"
"11","2026-05-05","navrangpura","Navrangpura","madagascar","Madagascar","UK9","2"
"11","2026-05-05","navrangpura","Navrangpura","madagascar","Madagascar","UK10","1"
"11","2026-05-05","navrangpura","Navrangpura","madagascar","Madagascar","UK11","1"
"11","2026-05-05","navrangpura","Navrangpura","mango-chilli","Mango Chilli","UK6","0"
"11","2026-05-05","navrangpura","Navrangpura","mango-chilli","Mango Chilli","UK7","1"
"11","2026-05-05","navrangpura","Navrangpura","mango-chilli","Mango Chilli","UK8","1"
"11","2026-05-05","navrangpura","Navrangpura","mango-chilli","Mango Chilli","UK9","1"
"11","2026-05-05","navrangpura","Navrangpura","mango-chilli","Mango Chilli","UK10","0"
"11","2026-05-05","navrangpura","Navrangpura","mango-chilli","Mango Chilli","UK11","0"
"11","2026-05-05","navrangpura","Navrangpura","chestnut","Chestnut","UK6","0"
"11","2026-05-05","navrangpura","Navrangpura","chestnut","Chestnut","UK7","0"
"11","2026-05-05","navrangpura","Navrangpura","chestnut","Chestnut","UK8","1"
"11","2026-05-05","navrangpura","Navrangpura","chestnut","Chestnut","UK9","1"
"11","2026-05-05","navrangpura","Navrangpura","chestnut","Chestnut","UK10","0"
"11","2026-05-05","navrangpura","Navrangpura","chestnut","Chestnut","UK11","0"
"11","2026-05-05","navrangpura","Navrangpura","neptune","Neptune","UK6","0"
"11","2026-05-05","navrangpura","Navrangpura","neptune","Neptune","UK7","0"
"11","2026-05-05","navrangpura","Navrangpura","neptune","Neptune","UK8","0"
"11","2026-05-05","navrangpura","Navrangpura","neptune","Neptune","UK9","0"
"11","2026-05-05","navrangpura","Navrangpura","neptune","Neptune","UK10","0"
"11","2026-05-05","navrangpura","Navrangpura","neptune","Neptune","UK11","0"
"11","2026-05-05","navrangpura","Navrangpura","saffron","Saffron","UK6","0"
"11","2026-05-05","navrangpura","Navrangpura","saffron","Saffron","UK7","0"
"11","2026-05-05","navrangpura","Navrangpura","saffron","Saffron","UK8","1"
"11","2026-05-05","navrangpura","Navrangpura","saffron","Saffron","UK9","1"
"11","2026-05-05","navrangpura","Navrangpura","saffron","Saffron","UK10","1"
"11","2026-05-05","navrangpura","Navrangpura","saffron","Saffron","UK11","0"
"11","2026-05-05","lakeshore","Lakeshore Mall","madagascar","Madagascar","UK6","0"
"11","2026-05-05","lakeshore","Lakeshore Mall","madagascar","Madagascar","UK7","1"
"11","2026-05-05","lakeshore","Lakeshore Mall","madagascar","Madagascar","UK8","1"
"11","2026-05-05","lakeshore","Lakeshore Mall","madagascar","Madagascar","UK9","2"
"11","2026-05-05","lakeshore","Lakeshore Mall","madagascar","Madagascar","UK10","1"
"11","2026-05-05","lakeshore","Lakeshore Mall","madagascar","Madagascar","UK11","0"
"11","2026-05-05","lakeshore","Lakeshore Mall","mango-chilli","Mango Chilli","UK6","0"
"11","2026-05-05","lakeshore","Lakeshore Mall","mango-chilli","Mango Chilli","UK7","0"
"11","2026-05-05","lakeshore","Lakeshore Mall","mango-chilli","Mango Chilli","UK8","1"
"11","2026-05-05","lakeshore","Lakeshore Mall","mango-chilli","Mango Chilli","UK9","1"
"11","2026-05-05","lakeshore","Lakeshore Mall","mango-chilli","Mango Chilli","UK10","0"
"11","2026-05-05","lakeshore","Lakeshore Mall","mango-chilli","Mango Chilli","UK11","0"
"11","2026-05-05","lakeshore","Lakeshore Mall","chestnut","Chestnut","UK6","1"
"11","2026-05-05","lakeshore","Lakeshore Mall","chestnut","Chestnut","UK7","0"
"11","2026-05-05","lakeshore","Lakeshore Mall","chestnut","Chestnut","UK8","1"
"11","2026-05-05","lakeshore","Lakeshore Mall","chestnut","Chestnut","UK9","1"
"11","2026-05-05","lakeshore","Lakeshore Mall","chestnut","Chestnut","UK10","0"
"11","2026-05-05","lakeshore","Lakeshore Mall","chestnut","Chestnut","UK11","1"
"11","2026-05-05","lakeshore","Lakeshore Mall","neptune","Neptune","UK6","0"
"11","2026-05-05","lakeshore","Lakeshore Mall","neptune","Neptune","UK7","0"
"11","2026-05-05","lakeshore","Lakeshore Mall","neptune","Neptune","UK8","1"
"11","2026-05-05","lakeshore","Lakeshore Mall","neptune","Neptune","UK9","1"
"11","2026-05-05","lakeshore","Lakeshore Mall","neptune","Neptune","UK10","1"
"11","2026-05-05","lakeshore","Lakeshore Mall","neptune","Neptune","UK11","0"
"11","2026-05-05","lakeshore","Lakeshore Mall","saffron","Saffron","UK6","1"
"11","2026-05-05","lakeshore","Lakeshore Mall","saffron","Saffron","UK7","1"
"11","2026-05-05","lakeshore","Lakeshore Mall","saffron","Saffron","UK8","1"
"11","2026-05-05","lakeshore","Lakeshore Mall","saffron","Saffron","UK9","1"
"11","2026-05-05","lakeshore","Lakeshore Mall","saffron","Saffron","UK10","1"
"11","2026-05-05","lakeshore","Lakeshore Mall","saffron","Saffron","UK11","1"
"11","2026-05-05","sarath-city","Sarath City","madagascar","Madagascar","UK6","0"
"11","2026-05-05","sarath-city","Sarath City","madagascar","Madagascar","UK7","0"
"11","2026-05-05","sarath-city","Sarath City","madagascar","Madagascar","UK8","1"
"11","2026-05-05","sarath-city","Sarath City","madagascar","Madagascar","UK9","1"
"11","2026-05-05","sarath-city","Sarath City","madagascar","Madagascar","UK10","1"
"11","2026-05-05","sarath-city","Sarath City","madagascar","Madagascar","UK11","0"
"11","2026-05-05","sarath-city","Sarath City","mango-chilli","Mango Chilli","UK6","0"
"11","2026-05-05","sarath-city","Sarath City","mango-chilli","Mango Chilli","UK7","1"
"11","2026-05-05","sarath-city","Sarath City","mango-chilli","Mango Chilli","UK8","1"
"11","2026-05-05","sarath-city","Sarath City","mango-chilli","Mango Chilli","UK9","1"
"11","2026-05-05","sarath-city","Sarath City","mango-chilli","Mango Chilli","UK10","1"
"11","2026-05-05","sarath-city","Sarath City","mango-chilli","Mango Chilli","UK11","0"
"11","2026-05-05","sarath-city","Sarath City","chestnut","Chestnut","UK6","0"
"11","2026-05-05","sarath-city","Sarath City","chestnut","Chestnut","UK7","0"
"11","2026-05-05","sarath-city","Sarath City","chestnut","Chestnut","UK8","1"
"11","2026-05-05","sarath-city","Sarath City","chestnut","Chestnut","UK9","1"
"11","2026-05-05","sarath-city","Sarath City","chestnut","Chestnut","UK10","1"
"11","2026-05-05","sarath-city","Sarath City","chestnut","Chestnut","UK11","1"
"11","2026-05-05","sarath-city","Sarath City","neptune","Neptune","UK6","0"
"11","2026-05-05","sarath-city","Sarath City","neptune","Neptune","UK7","0"
"11","2026-05-05","sarath-city","Sarath City","neptune","Neptune","UK8","1"
"11","2026-05-05","sarath-city","Sarath City","neptune","Neptune","UK9","1"
"11","2026-05-05","sarath-city","Sarath City","neptune","Neptune","UK10","0"
"11","2026-05-05","sarath-city","Sarath City","neptune","Neptune","UK11","0"
"11","2026-05-05","sarath-city","Sarath City","saffron","Saffron","UK6","1"
"11","2026-05-05","sarath-city","Sarath City","saffron","Saffron","UK7","1"
"11","2026-05-05","sarath-city","Sarath City","saffron","Saffron","UK8","2"
"11","2026-05-05","sarath-city","Sarath City","saffron","Saffron","UK9","1"
"11","2026-05-05","sarath-city","Sarath City","saffron","Saffron","UK10","1"
"11","2026-05-05","sarath-city","Sarath City","saffron","Saffron","UK11","1"
"12","2026-05-12","indiranagar","Indiranagar","madagascar","Madagascar","UK6","1"
"12","2026-05-12","indiranagar","Indiranagar","madagascar","Madagascar","UK7","1"
"12","2026-05-12","indiranagar","Indiranagar","madagascar","Madagascar","UK8","3"
"12","2026-05-12","indiranagar","Indiranagar","madagascar","Madagascar","UK9","2"
"12","2026-05-12","indiranagar","Indiranagar","madagascar","Madagascar","UK10","1"
"12","2026-05-12","indiranagar","Indiranagar","madagascar","Madagascar","UK11","1"
"12","2026-05-12","indiranagar","Indiranagar","mango-chilli","Mango Chilli","UK6","0"
"12","2026-05-12","indiranagar","Indiranagar","mango-chilli","Mango Chilli","UK7","1"
"12","2026-05-12","indiranagar","Indiranagar","mango-chilli","Mango Chilli","UK8","1"
"12","2026-05-12","indiranagar","Indiranagar","mango-chilli","Mango Chilli","UK9","1"
"12","2026-05-12","indiranagar","Indiranagar","mango-chilli","Mango Chilli","UK10","1"
"12","2026-05-12","indiranagar","Indiranagar","mango-chilli","Mango Chilli","UK11","1"
"12","2026-05-12","indiranagar","Indiranagar","chestnut","Chestnut","UK6","0"
"12","2026-05-12","indiranagar","Indiranagar","chestnut","Chestnut","UK7","1"
"12","2026-05-12","indiranagar","Indiranagar","chestnut","Chestnut","UK8","1"
"12","2026-05-12","indiranagar","Indiranagar","chestnut","Chestnut","UK9","1"
"12","2026-05-12","indiranagar","Indiranagar","chestnut","Chestnut","UK10","0"
"12","2026-05-12","indiranagar","Indiranagar","chestnut","Chestnut","UK11","0"
"12","2026-05-12","indiranagar","Indiranagar","neptune","Neptune","UK6","0"
"12","2026-05-12","indiranagar","Indiranagar","neptune","Neptune","UK7","0"
"12","2026-05-12","indiranagar","Indiranagar","neptune","Neptune","UK8","0"
"12","2026-05-12","indiranagar","Indiranagar","neptune","Neptune","UK9","0"
"12","2026-05-12","indiranagar","Indiranagar","neptune","Neptune","UK10","0"
"12","2026-05-12","indiranagar","Indiranagar","neptune","Neptune","UK11","0"
"12","2026-05-12","indiranagar","Indiranagar","saffron","Saffron","UK6","1"
"12","2026-05-12","indiranagar","Indiranagar","saffron","Saffron","UK7","1"
"12","2026-05-12","indiranagar","Indiranagar","saffron","Saffron","UK8","4"
"12","2026-05-12","indiranagar","Indiranagar","saffron","Saffron","UK9","3"
"12","2026-05-12","indiranagar","Indiranagar","saffron","Saffron","UK10","2"
"12","2026-05-12","indiranagar","Indiranagar","saffron","Saffron","UK11","1"
"12","2026-05-12","vasant-vihar","Vasant Vihar","madagascar","Madagascar","UK6","1"
"12","2026-05-12","vasant-vihar","Vasant Vihar","madagascar","Madagascar","UK7","1"
"12","2026-05-12","vasant-vihar","Vasant Vihar","madagascar","Madagascar","UK8","2"
"12","2026-05-12","vasant-vihar","Vasant Vihar","madagascar","Madagascar","UK9","2"
"12","2026-05-12","vasant-vihar","Vasant Vihar","madagascar","Madagascar","UK10","1"
"12","2026-05-12","vasant-vihar","Vasant Vihar","madagascar","Madagascar","UK11","1"
"12","2026-05-12","vasant-vihar","Vasant Vihar","mango-chilli","Mango Chilli","UK6","0"
"12","2026-05-12","vasant-vihar","Vasant Vihar","mango-chilli","Mango Chilli","UK7","1"
"12","2026-05-12","vasant-vihar","Vasant Vihar","mango-chilli","Mango Chilli","UK8","1"
"12","2026-05-12","vasant-vihar","Vasant Vihar","mango-chilli","Mango Chilli","UK9","1"
"12","2026-05-12","vasant-vihar","Vasant Vihar","mango-chilli","Mango Chilli","UK10","0"
"12","2026-05-12","vasant-vihar","Vasant Vihar","mango-chilli","Mango Chilli","UK11","1"
"12","2026-05-12","vasant-vihar","Vasant Vihar","chestnut","Chestnut","UK6","1"
"12","2026-05-12","vasant-vihar","Vasant Vihar","chestnut","Chestnut","UK7","1"
"12","2026-05-12","vasant-vihar","Vasant Vihar","chestnut","Chestnut","UK8","1"
"12","2026-05-12","vasant-vihar","Vasant Vihar","chestnut","Chestnut","UK9","1"
"12","2026-05-12","vasant-vihar","Vasant Vihar","chestnut","Chestnut","UK10","1"
"12","2026-05-12","vasant-vihar","Vasant Vihar","chestnut","Chestnut","UK11","1"
"12","2026-05-12","vasant-vihar","Vasant Vihar","neptune","Neptune","UK6","0"
"12","2026-05-12","vasant-vihar","Vasant Vihar","neptune","Neptune","UK7","1"
"12","2026-05-12","vasant-vihar","Vasant Vihar","neptune","Neptune","UK8","1"
"12","2026-05-12","vasant-vihar","Vasant Vihar","neptune","Neptune","UK9","1"
"12","2026-05-12","vasant-vihar","Vasant Vihar","neptune","Neptune","UK10","0"
"12","2026-05-12","vasant-vihar","Vasant Vihar","neptune","Neptune","UK11","0"
"12","2026-05-12","vasant-vihar","Vasant Vihar","saffron","Saffron","UK6","0"
"12","2026-05-12","vasant-vihar","Vasant Vihar","saffron","Saffron","UK7","1"
"12","2026-05-12","vasant-vihar","Vasant Vihar","saffron","Saffron","UK8","2"
"12","2026-05-12","vasant-vihar","Vasant Vihar","saffron","Saffron","UK9","2"
"12","2026-05-12","vasant-vihar","Vasant Vihar","saffron","Saffron","UK10","1"
"12","2026-05-12","vasant-vihar","Vasant Vihar","saffron","Saffron","UK11","1"
"12","2026-05-12","navrangpura","Navrangpura","madagascar","Madagascar","UK6","0"
"12","2026-05-12","navrangpura","Navrangpura","madagascar","Madagascar","UK7","1"
"12","2026-05-12","navrangpura","Navrangpura","madagascar","Madagascar","UK8","2"
"12","2026-05-12","navrangpura","Navrangpura","madagascar","Madagascar","UK9","1"
"12","2026-05-12","navrangpura","Navrangpura","madagascar","Madagascar","UK10","1"
"12","2026-05-12","navrangpura","Navrangpura","madagascar","Madagascar","UK11","0"
"12","2026-05-12","navrangpura","Navrangpura","mango-chilli","Mango Chilli","UK6","0"
"12","2026-05-12","navrangpura","Navrangpura","mango-chilli","Mango Chilli","UK7","1"
"12","2026-05-12","navrangpura","Navrangpura","mango-chilli","Mango Chilli","UK8","1"
"12","2026-05-12","navrangpura","Navrangpura","mango-chilli","Mango Chilli","UK9","1"
"12","2026-05-12","navrangpura","Navrangpura","mango-chilli","Mango Chilli","UK10","1"
"12","2026-05-12","navrangpura","Navrangpura","mango-chilli","Mango Chilli","UK11","0"
"12","2026-05-12","navrangpura","Navrangpura","chestnut","Chestnut","UK6","1"
"12","2026-05-12","navrangpura","Navrangpura","chestnut","Chestnut","UK7","0"
"12","2026-05-12","navrangpura","Navrangpura","chestnut","Chestnut","UK8","1"
"12","2026-05-12","navrangpura","Navrangpura","chestnut","Chestnut","UK9","1"
"12","2026-05-12","navrangpura","Navrangpura","chestnut","Chestnut","UK10","1"
"12","2026-05-12","navrangpura","Navrangpura","chestnut","Chestnut","UK11","1"
"12","2026-05-12","navrangpura","Navrangpura","neptune","Neptune","UK6","0"
"12","2026-05-12","navrangpura","Navrangpura","neptune","Neptune","UK7","0"
"12","2026-05-12","navrangpura","Navrangpura","neptune","Neptune","UK8","0"
"12","2026-05-12","navrangpura","Navrangpura","neptune","Neptune","UK9","0"
"12","2026-05-12","navrangpura","Navrangpura","neptune","Neptune","UK10","1"
"12","2026-05-12","navrangpura","Navrangpura","neptune","Neptune","UK11","0"
"12","2026-05-12","navrangpura","Navrangpura","saffron","Saffron","UK6","0"
"12","2026-05-12","navrangpura","Navrangpura","saffron","Saffron","UK7","1"
"12","2026-05-12","navrangpura","Navrangpura","saffron","Saffron","UK8","1"
"12","2026-05-12","navrangpura","Navrangpura","saffron","Saffron","UK9","1"
"12","2026-05-12","navrangpura","Navrangpura","saffron","Saffron","UK10","1"
"12","2026-05-12","navrangpura","Navrangpura","saffron","Saffron","UK11","1"
"12","2026-05-12","lakeshore","Lakeshore Mall","madagascar","Madagascar","UK6","0"
"12","2026-05-12","lakeshore","Lakeshore Mall","madagascar","Madagascar","UK7","1"
"12","2026-05-12","lakeshore","Lakeshore Mall","madagascar","Madagascar","UK8","2"
"12","2026-05-12","lakeshore","Lakeshore Mall","madagascar","Madagascar","UK9","2"
"12","2026-05-12","lakeshore","Lakeshore Mall","madagascar","Madagascar","UK10","1"
"12","2026-05-12","lakeshore","Lakeshore Mall","madagascar","Madagascar","UK11","0"
"12","2026-05-12","lakeshore","Lakeshore Mall","mango-chilli","Mango Chilli","UK6","0"
"12","2026-05-12","lakeshore","Lakeshore Mall","mango-chilli","Mango Chilli","UK7","0"
"12","2026-05-12","lakeshore","Lakeshore Mall","mango-chilli","Mango Chilli","UK8","1"
"12","2026-05-12","lakeshore","Lakeshore Mall","mango-chilli","Mango Chilli","UK9","1"
"12","2026-05-12","lakeshore","Lakeshore Mall","mango-chilli","Mango Chilli","UK10","0"
"12","2026-05-12","lakeshore","Lakeshore Mall","mango-chilli","Mango Chilli","UK11","0"
"12","2026-05-12","lakeshore","Lakeshore Mall","chestnut","Chestnut","UK6","0"
"12","2026-05-12","lakeshore","Lakeshore Mall","chestnut","Chestnut","UK7","1"
"12","2026-05-12","lakeshore","Lakeshore Mall","chestnut","Chestnut","UK8","1"
"12","2026-05-12","lakeshore","Lakeshore Mall","chestnut","Chestnut","UK9","1"
"12","2026-05-12","lakeshore","Lakeshore Mall","chestnut","Chestnut","UK10","1"
"12","2026-05-12","lakeshore","Lakeshore Mall","chestnut","Chestnut","UK11","0"
"12","2026-05-12","lakeshore","Lakeshore Mall","neptune","Neptune","UK6","0"
"12","2026-05-12","lakeshore","Lakeshore Mall","neptune","Neptune","UK7","0"
"12","2026-05-12","lakeshore","Lakeshore Mall","neptune","Neptune","UK8","0"
"12","2026-05-12","lakeshore","Lakeshore Mall","neptune","Neptune","UK9","0"
"12","2026-05-12","lakeshore","Lakeshore Mall","neptune","Neptune","UK10","0"
"12","2026-05-12","lakeshore","Lakeshore Mall","neptune","Neptune","UK11","0"
"12","2026-05-12","lakeshore","Lakeshore Mall","saffron","Saffron","UK6","1"
"12","2026-05-12","lakeshore","Lakeshore Mall","saffron","Saffron","UK7","1"
"12","2026-05-12","lakeshore","Lakeshore Mall","saffron","Saffron","UK8","2"
"12","2026-05-12","lakeshore","Lakeshore Mall","saffron","Saffron","UK9","2"
"12","2026-05-12","lakeshore","Lakeshore Mall","saffron","Saffron","UK10","1"
"12","2026-05-12","lakeshore","Lakeshore Mall","saffron","Saffron","UK11","1"
"12","2026-05-12","sarath-city","Sarath City","madagascar","Madagascar","UK6","0"
"12","2026-05-12","sarath-city","Sarath City","madagascar","Madagascar","UK7","1"
"12","2026-05-12","sarath-city","Sarath City","madagascar","Madagascar","UK8","2"
"12","2026-05-12","sarath-city","Sarath City","madagascar","Madagascar","UK9","2"
"12","2026-05-12","sarath-city","Sarath City","madagascar","Madagascar","UK10","1"
"12","2026-05-12","sarath-city","Sarath City","madagascar","Madagascar","UK11","0"
"12","2026-05-12","sarath-city","Sarath City","mango-chilli","Mango Chilli","UK6","1"
"12","2026-05-12","sarath-city","Sarath City","mango-chilli","Mango Chilli","UK7","1"
"12","2026-05-12","sarath-city","Sarath City","mango-chilli","Mango Chilli","UK8","1"
"12","2026-05-12","sarath-city","Sarath City","mango-chilli","Mango Chilli","UK9","1"
"12","2026-05-12","sarath-city","Sarath City","mango-chilli","Mango Chilli","UK10","0"
"12","2026-05-12","sarath-city","Sarath City","mango-chilli","Mango Chilli","UK11","0"
"12","2026-05-12","sarath-city","Sarath City","chestnut","Chestnut","UK6","0"
"12","2026-05-12","sarath-city","Sarath City","chestnut","Chestnut","UK7","1"
"12","2026-05-12","sarath-city","Sarath City","chestnut","Chestnut","UK8","1"
"12","2026-05-12","sarath-city","Sarath City","chestnut","Chestnut","UK9","1"
"12","2026-05-12","sarath-city","Sarath City","chestnut","Chestnut","UK10","1"
"12","2026-05-12","sarath-city","Sarath City","chestnut","Chestnut","UK11","0"
"12","2026-05-12","sarath-city","Sarath City","neptune","Neptune","UK6","0"
"12","2026-05-12","sarath-city","Sarath City","neptune","Neptune","UK7","0"
"12","2026-05-12","sarath-city","Sarath City","neptune","Neptune","UK8","1"
"12","2026-05-12","sarath-city","Sarath City","neptune","Neptune","UK9","1"
"12","2026-05-12","sarath-city","Sarath City","neptune","Neptune","UK10","0"
"12","2026-05-12","sarath-city","Sarath City","neptune","Neptune","UK11","0"
"12","2026-05-12","sarath-city","Sarath City","saffron","Saffron","UK6","1"
"12","2026-05-12","sarath-city","Sarath City","saffron","Saffron","UK7","1"
"12","2026-05-12","sarath-city","Sarath City","saffron","Saffron","UK8","2"
"12","2026-05-12","sarath-city","Sarath City","saffron","Saffron","UK9","2"
"12","2026-05-12","sarath-city","Sarath City","saffron","Saffron","UK10","1"
"12","2026-05-12","sarath-city","Sarath City","saffron","Saffron","UK11","1"